#	i_init_Turns_Coil	L2_Magnet_Thickness	L1_Web_Length	L2_Pole_Arc	L1_Pole_V_angle	L1_Pole_Arc	u_YtoT	L1_Web_Thickness	L1_Magnet_Thickness	L1_Magnet_Separation	L2_Magnet_Bar_Width	L1_Magnet_Post	L2_Bridge_Thickness	L1_Magnet_Bar_Width	i_Tooth_Width_Ratio	L2_Web_Thickness	i_Split_Ratio	i_Slot_Op_Ratio	i_Stator_OD	i_AmpT_rms	L1_Bridge_Thickness	i_Line_Current_RMS	i_Active_Length	o_Active_Volume	o_Op1_Jrms	o_Op1_ShaftToruqe	o_Op1_copper_area	o_Op1_ipk	o_Op2_Jrms	o_Op2_ShaftToruqe	o_Op2_copper_area	o_Op2_ipk	o_Op2_max_temp	o_Op3_Jrms	o_Op3_ShaftToruqe	o_Op3_copper_area	o_Op3_ipk	o_Torque_Density	o_Turn_Coil	o_Weight_Act	o_Weight_Mag	o_Weight_Rot_Core	o_Weight_Stat_Core	o_Weight_Wdg	o_Wh_Loss	o_Wh_Shaft	o_Wh_input	obj_o_Weight_Act	constr_o_OP2_max_temp	constr_o_Op1_ShaftToruqe	obj_o_Wh_Loss	constr_o_Op2_ShaftToruqe	constr_o_Op3_ShaftToruqe
1	11	5.27125	0.17125	0.6025625	106.95	0.8055	2.326875	0.5631250000000001	4.24375	2.32125	0.3555	1.539375	1.928125	0.8431250000000001	0.5286875	0.59275	0.7569375	0.643625	377.5	1664.6875	1.621875	636.3961030678927	123.0775	0.01377534420518114	10.83334120358713	1126.93125486	146.164804399411	900.000000004	8.296176576809081	899.999999913	146.164804399411	689.220322599	188.607930399792	4.662780564844572	380.000000041	146.164804399411	387.369180894	81.80784727224034	10.46321617605761	98.17050230584429	3.902010952435733	33.61496656369017	33.34960580630441	22.95273879175194	685.116302876	9754.38501215	10394.0776974	98.17050230584429	-8.607930399791996	-172.0687451399999	685.116302876	0.9999999130000106	0.1000000410000439
7	11	4.13875	0.6812499999999999	0.5744374999999999	95.55	0.5785	2.679375	0.8623750000000001	4.37875	3.19625	0.3527	1.521875	1.616875	0.8628750000000001	0.5159374999999999	0.58375	0.7173375000000001	0.734375	413.1	1700.5625	1.586875	636.3961030678927	127.3025																														
8	11	6.74875	0.50125	0.4855625	103.35	0.8174999999999999	2.361875	0.4756250000000001	4.28875	4.84125	0.3303	1.574375	1.810625	0.8486250000000001	0.5924375	0.18025	0.6791125000000001	0.7868750000000001	362.7	1705.8125	1.740625	636.3961030678927	131.7225																														
9	11	4.68625	0.33775	0.5586875	93.84999999999999	0.8354999999999999	2.689375	0.496625	5.57875	5.768750000000001	0.3331	1.766875	1.953125	0.8753750000000001	0.5260624999999999	0.5297499999999999	0.6785625000000001	0.544625	362.9	1725.9375	1.631875	636.3961030678927	139.3275	0.01441121715088705	13.68969348301163	1278.2035238	124.33580202984	899.9999999840001	9.214146136465457	899.999631016	124.33580202984	605.764587276	174.480507901747	5.91521584951975	379.99999943	124.33580202984	388.883379389	88.69504292504006	10.84819653470362	98.79307113110443	5.298652468806695	32.27570741725685	36.42787573721446	20.43565744336918	655.260007878	9782.736649529999	10395.087486	98.79307113110443	5.519492098253011	-20.79647619999992	655.260007878	0.9996310159999666	0.09999943000002531
11	11	6.46375	0.28375	0.6171875	129.05	0.6254999999999999	2.493125	0.864125	5.56375	5.71625	0.5053	1.858125	1.860625	0.844875	0.5485625	0.13975	0.7651875000000001	0.736625	391.1	1887.8125	1.626875	636.3961030678927	133.2825																														
12	11	4.28125	0.51475	0.5440625	113.25	0.5115	2.491875	0.510625	4.61125	7.606249999999999	0.4381	1.713125	1.831875	0.8053750000000001	0.6291875	0.35725	0.7316375000000001	0.581375	394.3	1836.1875	1.871875	636.3961030678927	141.0175	0.0172193378294226	14.81640811434361	1213.85072654	128.37560545277	888.57501719	9.071490122824905	899.999929497	128.37560545277	544.038705577	167.605924987858	7.640593916333905	350.689874605	128.37560545277	458.224477765	70.49346139582086	11.54116118026644	120.1534676802222	3.061111032444703	44.54518996618038	46.20719956713548	21.9906255606537	679.405836668	9751.812515830001	10384.0918979	120.1534676802222	12.394075012142	-85.1492734599999	679.405836668	0.9999294970000392	-29.21012539499998
14	11	6.37375	0.5702499999999999	0.4563124999999999	114.85	0.6605	2.310625	0.860625	6.03625	5.34875	0.4983	1.541875	1.709375	0.8633750000000001	0.6351875	0.3362499999999999	0.6738875000000001	0.569375	399.1	1888.6875	1.808125	636.3961030678927	132.0475																														
20	11	4.86625	0.6632499999999999	0.4383124999999999	93.75	0.6645	2.519375	0.6471250000000001	4.87375	4.40375	0.5585	1.706875	1.646875	0.8211250000000001	0.6336875	0.43075	0.6936875000000001	0.681875	366.9	1858.0625	1.830625	636.3961030678927	125.5475	0.01327374205926849	17.14807899216625	1300.00000008	109.180941017804	854.1701427089999	11.19767525144621	899.999148677	109.180941017804	557.772090501	191.033823703612	7.966934663112085	379.999971951	109.180941017804	396.84431832	97.9377175083996	11.67865416549715	92.4048055156758	3.81535839335109	31.33566403294188	35.83203913992003	17.07743069305136	645.659572854	9751.8108412	10350.1445655	92.4048055156758	-11.033823703612	1.000000080000063	645.659572854	0.9991486769999938	0.09997195100004319
23	11	5.34625	0.6467499999999999	0.6554374999999999	114.05	0.5565	2.404375	0.519375	5.06125	6.293749999999999	0.6341	1.691875	1.818125	0.8151250000000001	0.6029375	0.4562499999999999	0.6681125000000001	0.779375	402.5	1900.9375	1.701875	636.3961030678927	129.3175																														
26	11	5.95375	0.6872499999999999	0.4101874999999999	108.75	0.7995	2.616875	0.3688750000000001	6.54625	4.08875	0.2435	1.803125	1.611875	0.8286250000000001	0.6025625	0.59875	0.7110125	0.7801250000000001	427.3	1760.9375	1.615625	636.3961030678927	142.6425																														
28	11	4.66375	0.6932499999999999	0.4945624999999999	107.25	0.8985	2.578125	0.5228750000000001	6.45625	6.69625	0.5655	1.745625	1.578125	0.866125	0.5988125	0.68275	0.7676625	0.763625	410.5	1635.8125	1.634375	636.3961030678927	139.3925																														
29	11	4.70125	0.35875	0.4034374999999999	96.05	0.5215	2.374375	0.790625	4.89625	2.84625	0.3779	1.633125	1.534375	0.8396250000000001	0.5204374999999999	0.47725	0.7066125000000001	0.575375	407.9	1714.5625	1.548125	636.3961030678927	134.8425	0.01762073775763195	9.810237022336294	1296.835914	171.460670248848	901.239235816	6.436070337347294	899.999262561	171.460670248848	591.263911288	153.667807174015	4.334728340458827	379.999993643	171.460670248848	398.219456689	73.5971405872782	10.77670018238364	126.0088513496827	3.629976511790436	46.2806272373988	42.59639613962452	29.14316346515865	738.381537984	9751.81164304	10446.3892419	126.0088513496827	26.332192825985	-2.164085999999998	738.381537984	0.9992625610000232	0.09999364300000479
31	11	6.82375	0.2627499999999999	0.5260625	120.75	0.6675	2.520625	0.4826250000000001	4.99375	5.97875	0.3667	1.511875	1.660625	0.8501250000000001	0.5358124999999999	0.67825	0.6705875000000001	0.675875	418.3	1617.4375	1.579375	636.3961030678927	117.0975	0.016092118931192	8.77702720325526	1205.99278624	170.312830227023	900.0000000060001	6.421684709541011	899.999759693	170.312830227023	658.482206422	165.156464011462	3.790479355778308	379.999999995	170.312830227023	388.677321059	74.94306942402565	10.16623132795926	117.8759492705252	4.158907838799911	42.03235819456492	40.05967454647839	27.27311166776882	726.856355445	9751.810904780001	10434.1747114	117.8759492705252	14.84353598853801	-93.00721376000001	726.856355445	0.9997596929999872	0.09999999500001877
35	11	5.39125	0.37225	0.3865624999999999	124.05	0.7334999999999999	2.344375	0.2288750000000001	5.53375	4.141249999999999	0.5445	1.731875	1.888125	0.8356250000000001	0.5868125	0.12625	0.6774625000000001	0.732125	408.9	1801.1875	1.931875	636.3961030678927	126.2625																														
36	11	6.98875	0.32125	0.4923124999999999	106.05	0.6765	2.691875	0.8693750000000001	4.03375	4.50875	0.6005	1.925625	1.994375	0.8338750000000001	0.5995625	0.42325	0.7341125000000001	0.624125	430.9	1583.3125	1.908125	636.3961030678927	122.1025																														
39	11	6.14125	0.38875	0.6970624999999999	97.25	0.7444999999999999	2.504375	0.5806250000000001	4.58125	3.66875	0.2505	1.878125	1.850625	0.8353750000000001	0.6160625	0.23275	0.6620625000000001	0.7186250000000001	375.5	1828.3125	1.791875	636.3961030678927	120.2175	0.01331304672751174	16.05912359860472	1264.97886136	118.937501446878	899.999999999	10.75474029657675	899.999929563	118.937501446878	602.726930114	199.697751779539	7.084235508778199	379.999989328	118.937501446878	397.021164869	95.01798403110008	11.49166370558338	93.9079128671619	4.06667045965333	31.74958970722709	35.36743415734265	18.379943833487	672.927530985	9751.810944299999	10376.3862667	93.9079128671619	-19.697751779539	-34.02113863999989	672.927530985	0.9999295630000233	0.09998932800004923
43	11	5.17375	0.50875	0.7566875	106.15	0.6955	2.635625	0.6663750000000001	6.80875	1.76125	0.6061000000000001	1.941875	1.880625	0.816625	0.6438124999999999	0.31525	0.6826875000000001	0.654875	385.1	1726.8125	1.713125	636.3961030678927	134.9075																														
45	11	5.30875	0.67075	0.6914374999999999	91.75	0.8995	2.470625	0.893875	6.72625	5.36625	0.5388999999999999	1.729375	1.934375	0.8911250000000001	0.6078125	0.39175	0.6964375	0.723875	406.5	1657.6875	1.566875	636.3961030678927	138.5475																														
46	11	5.11375	0.39325	0.4788125	126.15	0.5415	2.514375	0.3041250000000001	4.88125	7.256250000000001	0.4507	1.741875	1.899375	0.8958750000000001	0.6475624999999999	0.36475	0.7585875000000001	0.603125	410.9	1709.3125	1.826875	636.3961030678927	124.1825	0.0164673062579015	12.48553186927301	1296.73459222	133.882400350556	901.135949069	8.278435561402794	899.999606743	133.882400350556	597.4912374210001	170.4674965598	5.688439583256674	379.999999996	133.882400350556	410.559794829	78.74600568613269	10.74370186592827	118.0602129553579	3.287811211213915	43.6586122658975	44.89298082603402	21.87365277981209	667.08208031	9751.811043969999	10372.3589441	118.0602129553579	9.532503440200003	-2.265407780000032	667.08208031	0.9996067429999584	0.0999999960000082
49	11	5.49625	0.56425	0.4405625	93.34999999999999	0.8474999999999999	2.744375	0.3496250000000001	6.83125	3.94875	0.4157	1.971875	1.714375	0.8708750000000001	0.5043124999999999	0.18475	0.6653625000000001	0.6451250000000001	360.9	1604.3125	1.890625	636.3961030678927	142.8375	0.01461187289956877	11.69027999034472	1228.72670084	125.803526833817	900.000000481	8.416653241430941	900.000169478	125.803526833817	647.973181788	172.417399187748	5.025141331860238	379.999999987	125.803526833817	386.870734048	84.09097925265027	10.08373553682083	99.23355755410657	6.515345883942897	30.98756340499487	36.47307448426835	20.90389809295965	653.269282578	9751.80968577	10361.7447426	99.23355755410657	7.582600812251997	-70.27329916000008	653.269282578	1.000169477999975	0.09999998700004653
50	11	6.03625	0.28525	0.4293124999999999	128.35	0.6625	2.313125	0.2743750000000001	6.64375	2.04125	0.3849	1.705625	1.548125	0.8296250000000001	0.5129374999999999	0.62725	0.7503375000000001	0.647375	391.3	1722.4375	1.943125	636.3961030678927	122.2975																														
51	11	4.50625	0.54775	0.4495625	116.75	0.5105	2.389375	0.5141250000000001	4.82875	7.02875	0.6033000000000001	1.544375	1.976875	0.8441250000000001	0.5403125	0.22525	0.6969875000000001	0.769625	419.1	1850.1875	1.553125	636.3961030678927	126.9125																														
53	11	4.98625	0.26725	0.6655624999999999	128.15	0.8165	2.253125	0.393375	6.05125	7.85125	0.4465	1.536875	1.555625	0.8578750000000001	0.5541874999999999	0.3497499999999999	0.7360375000000001	0.565625	439.9	1755.6875	1.654375	636.3961030678927	141.7325																														
57	11	5.14375	0.50575	0.7443124999999999	118.15	0.5075	2.309375	0.339125	4.55875	7.15125	0.6845	1.556875	1.883125	0.8421250000000001	0.5999375	0.60925	0.6961625000000001	0.7358750000000001	395.3	1578.9375	1.501875	636.3961030678927	140.8225	0.0172828579351124	9.992506032130178	1278.7914215	142.559201553797	900.000000008	6.835292489638505	899.9997988170001	142.559201553797	615.637680973	158.833477429335	4.424101279901766	379.999997894	142.559201553797	398.467725628	73.99189568653269	9.924243673953196	121.2468816262093	3.557780797911925	44.49378074336992	44.38192550781357	24.46651997041723	709.3947843780001	9751.8118409	10415.2373519	121.2468816262093	21.16652257066499	-20.20857849999993	709.3947843780001	0.9997988170000554	0.09999789400001191
60	11	4.35625	0.56275	0.7274375	106.35	0.5455	2.603125	0.5421250000000001	5.26375	1.81375	0.6047	1.661875	1.688125	0.8133750000000001	0.5346875	0.35125	0.7404375000000001	0.570875	404.5	1592.9375	1.506875	636.3961030678927	130.8125																														
62	11	4.61125	0.18025	0.6858124999999999	129.35	0.8554999999999999	2.405625	0.7468750000000001	4.19875	3.63375	0.4801	1.935625	1.685625	0.8038750000000001	0.6318125	0.32875	0.6862625000000001	0.747125	398.9	1622.6875	1.979375	636.3961030678927	118.5275	0.01481279724326971	11.2597561146933	1201.37200989	133.622807452769	900.000000133	8.13729945921674	899.999214877	133.622807452769	650.41990606	181.380849850668	4.865684476518024	379.999999953	133.622807452769	388.917484971	81.10365585648256	10.19922964441463	106.7687800501739	3.755415201575088	38.15104762000923	39.43779640701853	21.08076011856063	683.665898609	9751.812000620001	10388.7278172	106.7687800501739	-1.380849850668	-97.62799010999993	683.665898609	0.9992148769999858	0.09999995300000819
65	11	6.86875	0.58975	0.5856875	128.25	0.8065	2.400625	0.552625	4.35625	2.56625	0.6789000000000001	1.823125	1.783125	0.877125	0.6134375	0.55975	0.7258625000000001	0.778625	364.9	1810.8125	1.838125	636.3961030678927	124.1175	0.01297987850716069	16.30465193424782	1298.4378406	115.60325281028	905.393419659	10.58253176624536	899.999801889	115.60325281028	587.645456225	195.578422902594	7.061272799338965	379.999999812	115.60325281028	392.110788548	100.0346682662463	11.3816693173988	91.0393466254252	4.556355700090999	30.14074371082542	34.04598479522615	17.95350359511924	670.591287645	9751.81035324	10375.3826745	91.0393466254252	-15.57842290259401	-0.5621593999999277	670.591287645	0.9998018889999685	0.09999981200002139
66	11	5.71375	0.55525	0.4506874999999999	94.25	0.8704999999999999	2.605625	0.671625	6.02875	2.09375	0.7181000000000001	1.751875	1.924375	0.8146250000000002	0.5290625	0.2597499999999999	0.6777375000000001	0.598625	405.5	1857.1875	1.949375	636.3961030678927	123.4025																														
67	11	6.98125	0.49975	0.6779375	97.45	0.5705	2.295625	0.795875	5.36875	7.67625	0.2575	1.515625	1.998125	0.898375	0.5238124999999999	0.22975	0.7013875000000001	0.7891250000000001	396.3	1749.5625	1.705625	636.3961030678927	127.4975	0.0157267757851018	10.6676848141873	1267.79673862	163.956463461081	900.0000001670001	7.22295406070722	899.999030492	163.956463461081	609.3785829890001	168.62212294782	4.660738718693429	379.999999657	163.956463461081	393.212296826	80.61390051869382	10.99668895875279	112.2071491829129	4.492478451592016	38.94269637362941	37.65805513813597	26.76642060574171	759.526639435	9751.811449209999	10465.6527685	112.2071491829129	11.37787705218	-31.20326137999996	759.526639435	0.9990304919999744	0.09999965700001212
68	11	5.80375	0.15325	0.7758125	117.25	0.8095	2.624375	0.4388750000000001	6.37375	2.02375	0.2407	1.728125	1.821875	0.8743750000000001	0.6479374999999999	0.17575	0.6667375000000001	0.741125	370.7	1678.6875	1.836875	636.3961030678927	129.5125																														
69	11	4.88125	0.65425	0.5091874999999999	110.25	0.7775	2.570625	0.6943750000000001	4.46875	4.806249999999999	0.3149	1.813125	1.964375	0.864125	0.5223125	0.15325	0.7451125000000001	0.767375	411.7	1830.9375	1.688125	636.3961030678927	119.3075	0.01588251816973002	11.48816805064313	1252.84729323	166.738562909194	900	7.740858735522663	899.999999997	166.738562909194	606.430270802	171.549163383721	5.013790602154925	379.999997875	166.738562909194	392.787737962	78.88215708877711	11.50816286381106	115.7520189930894	3.785503581405197	41.6128860525728	39.28020150957517	26.7247529019432	735.017728448	9752.14530667	10440.3664323	115.7520189930894	8.450836616278991	-46.1527067699999	735.017728448	0.9999999970000317	0.09999787500004231
72	11	5.00875	0.12325	0.4191874999999999	122.85	0.5185	2.300625	0.655875	4.28125	3.09125	0.4521	1.805625	1.525625	0.8996250000000001	0.6464375	0.11275	0.6601375	0.652625	378.3	1919.3125	1.503125	636.3961030678927	117.9425	0.01325662261560989	17.63461506812705	1118.74816913	119.361754504959	900.000000095	12.43272609326524	899.999993275	119.361754504959	634.516457654	230.908497923812	9.515378657063174	366.928700305	119.361754504959	485.626749389	84.39164345016924	12.06363452414316	94.43676316112074	2.612769766182913	33.69729788099084	35.41363887876066	18.36875781826367	704.6033247399999	9751.81227764	10403.2482839	94.43676316112074	-50.90849792381201	-180.25183087	704.6033247399999	0.9999932749999516	-12.97129969499997
74	11	6.47875	0.61225	0.6093124999999999	113.05	0.5135	2.556875	0.762625	6.67375	2.25125	0.4479	1.758125	1.568125	0.843875	0.6171875	0.6752499999999999	0.7525375000000001	0.533375	374.7	1676.0625	1.590625	636.3961030678927	128.1475																														
75	11	4.84375	0.57775	0.7150624999999999	126.05	0.5495	2.649375	0.2428750000000001	4.11625	4.631250000000001	0.7923	1.614375	1.858125	0.8866250000000001	0.5849375	0.12175	0.7371375000000001	0.578375	360.5	1826.5625	1.814375	636.3961030678927	121.7125																														
76	11	4.483750000000001	0.28075	0.6745625	102.75	0.7484999999999999	2.586875	0.878125	4.77625	4.858750000000001	0.4703	1.595625	1.814375	0.8981250000000001	0.5373125	0.41875	0.6799375000000001	0.531125	397.3	1592.0625	1.841875	636.3961030678927	140.0425																														
79	11	5.53375	0.5117499999999999	0.5991875	115.95	0.5744999999999999	2.625625	0.2778750000000001	6.27625	4.12375	0.3597	1.616875	1.550625	0.817625	0.5178125	0.13675	0.7272375000000001	0.501875	379.3	1684.8125	1.694375	636.3961030678927	129.9025	0.01467820929651721	11.58822595668255	1232.13339964	139.967108814877	900.000000311	8.179922440582382	899.99927724	139.967108814877	635.293980855	171.86050027616	4.982781987911148	379.999999935	139.967108814877	386.987948581	83.94303247415583	10.58970972246987	103.0894514311175	4.27038689300989	35.30059213795465	36.58238673853864	22.57864472468484	639.302668086	9752.538000729999	10344.8869328	103.0894514311175	8.139499723840004	-66.86660035999989	639.302668086	0.9992772399999694	0.09999993500002802
85	11	4.52125	0.6737500000000001	0.6205624999999999	118.25	0.7004999999999999	2.536875	0.624375	6.40375	6.118749999999999	0.4213	1.570625	1.890625	0.8018750000000001	0.5350625	0.67375	0.6873625000000001	0.590375	434.9	1646.3125	1.929375	636.3961030678927	142.5125																														
90	11	5.12125	0.18625	0.7600625	125.35	0.8334999999999999	2.371875	0.7748750000000001	6.891249999999999	3.38875	0.6859000000000001	1.801875	1.645625	0.8556250000000001	0.5819375	0.50725	0.7335625000000001	0.776375	366.1	1589.4375	1.835625	636.3961030678927	132.8275																														
96	11	6.86125	0.64225	0.5350625	122.95	0.5095	2.496875	0.365375	6.53875	3.75625	0.4773	1.654375	1.543125	0.8381250000000001	0.6261875	0.31825	0.7481375000000001	0.7036250000000001	383.3	1865.0625	1.856875	636.3961030678927	135.6875																														
97	11	4.62625	0.6572499999999999	0.7330625	105.45	0.8374999999999999	2.423125	0.886875	5.31625	7.921250000000001	0.6761	1.765625	1.958125	0.8078750000000001	0.6040624999999999	0.68425	0.7558375000000001	0.5131250000000001	409.3	1701.4375	1.994375	636.3961030678927	133.2175																														
100	11	6.80125	0.12475	0.5159374999999999	119.95	0.5435	2.675625	0.6086250000000001	6.24625	6.45125	0.5627000000000001	1.701875	1.666875	0.8723750000000001	0.5755625	0.5327499999999999	0.7533625	0.5453750000000001	373.9	1746.9375	1.776875	636.3961030678927	125.9375																														
104	11	5.73625	0.4607499999999999	0.4664374999999999	129.95	0.7274999999999999	2.473125	0.7661249999999999	4.44625	6.731249999999999	0.3079	1.520625	1.945625	0.8928750000000001	0.5024375	0.5942499999999999	0.7203625000000001	0.630125	383.7	1914.9375	1.755625	636.3961030678927	127.9525	0.01479524821359781	13.75005797854859	1185.15970387	152.38579078178	900.000000001	9.471500168433533	899.999642264	152.38579078178	619.950124203	190.533985151479	6.101169154807092	379.999972949	152.38579078178	399.347569872	80.10407711718958	12.03613592709702	105.0573085306379	3.591299684442222	36.93263171133915	35.636375459804	24.54241891575517	701.91125985	9752.860272739999	10408.275841	105.0573085306379	-10.53398515147899	-113.8402961300001	701.91125985	0.9996422640000446	0.09997294900000497
107	11	4.94125	0.58675	0.7656875	92.94999999999999	0.5734999999999999	2.564375	0.815125	5.27125	5.681249999999999	0.7713000000000001	1.533125	1.725625	0.8088750000000001	0.5935625	0.16675	0.7187125000000001	0.793625	405.7	1641.0625	1.601875	636.3961030678927	132.1125																														
108	11	4.79125	0.42025	0.6081875	94.75	0.8325	2.664375	0.211375	4.08625	4.45625	0.5949	1.663125	1.763125	0.8276250000000001	0.5620624999999999	0.61225	0.7528125000000001	0.645875	383.5	1728.5625	1.628125	636.3961030678927	120.3475																														
115	11	4.41625	0.3332499999999999	0.7521875	108.45	0.5754999999999999	2.629375	0.3881250000000001	4.40875	1.83125	0.6369	1.825625	1.521875	0.8878750000000001	0.5091874999999999	0.2627499999999999	0.7687625000000001	0.7681250000000001	432.3	1848.4375	1.629375	636.3961030678927	131.1375																														
120	11	6.30625	0.4727499999999999	0.7510625	105.25	0.7755	2.711875	0.6768750000000001	4.73875	4.36875	0.6523	1.696875	1.560625	0.8536250000000001	0.5170625	0.68875	0.6837875000000001	0.749375	417.9	1861.5625	1.940625	636.3961030678927	131.3325																														
123	11	4.06375	0.12625	0.4203124999999999	97.65000000000001	0.8075	2.661875	0.204375	5.09875	6.328749999999999	0.2771	1.548125	1.739375	0.8183750000000001	0.5721875	0.43375	0.7684875000000001	0.799625	412.1	1590.3125	1.638125	636.3961030678927	119.5025	0.01593940483936693	9.622192352487049	1159.25842114	150.186433935695	900.0000003489999	7.328835481248276	899.999667442	150.186433935695	685.4936686	176.674572051134	4.202457410078843	379.999999855	150.186433935695	393.071717129	72.72909075481157	9.99574002627317	115.0365638976258	4.076505297815302	41.06159469906659	41.47726596818426	24.07610008480095	754.207727095	9751.809607650001	10458.8316695	115.0365638976258	3.325427948866007	-139.7415788599999	754.207727095	0.9996674420000318	0.0999998550000214
124	11	6.69625	0.11125	0.4754375	108.05	0.7284999999999999	2.506875	0.612125	6.81625	4.75375	0.3933	1.900625	1.904375	0.862125	0.5778125	0.6377499999999999	0.7297125000000001	0.681125	365.3	1909.6875	1.939375	636.3961030678927	125.6125	0.01316503703049185	16.14199513014489	1299.99998048	120.595074188881	840.746145772	10.69565087964561	899.999953815	120.595074188881	557.07656836	187.300663688757	7.565736744144862	379.99999931	120.595074188881	394.056865727	98.74639755809572	12.00313761064165	91.55380855471097	5.568301835713835	28.86097962811532	33.94089161692276	18.83682691184291	647.6879228179999	9751.811021809999	10353.1160324	91.55380855471097	-7.300663688756998	0.9999804799999765	647.6879228179999	0.9999538150000262	0.09999931000004381
126	11	6.56875	0.15625	0.5924375	128.95	0.7035	2.630625	0.4091250000000001	4.13125	5.78625	0.6537000000000001	1.903125	1.661875	0.8673750000000001	0.5669375	0.53425	0.6788375000000001	0.538625	375.7	1914.0625	1.948125	636.3961030678927	117.8775																														
127	11	4.16875	0.34075	0.5316875	99.25	0.7244999999999999	2.369375	0.731125	5.96125	7.956250000000001	0.3289	1.870625	1.779375	0.8103750000000001	0.5736874999999999	0.16825	0.7184375000000001	0.656375	362.1	1788.0625	1.651875	636.3961030678927	119.4375	0.01229950505710406	14.82712474999382	1118.79386088	123.210648419504	900.000000008	11.23321229688266	899.999992587	123.210648419504	681.851082914	225.895884360854	6.560504241474782	379.999998458	123.210648419504	398.219743675	90.96251074215358	11.23867661275886	86.04442091694196	3.835119090567884	28.00679560249814	31.14387960873442	18.71169609370579	651.302668459	9751.812897190001	10353.3064097	86.04442091694196	-45.89588436085401	-180.20613912	651.302668459	0.9999925869999515	0.09999845800001594
128	11	5.22625	0.6557500000000001	0.6059374999999999	97.84999999999999	0.6335	2.378125	0.379375	4.54375	4.87625	0.5613	1.678125	1.501875	0.8598750000000001	0.5481874999999999	0.58975	0.7682125000000001	0.555125	361.7	1727.6875	1.966875	636.3961030678927	118.2675																														
129	11	5.09125	0.11875	0.4281874999999999	126.85	0.7124999999999999	2.588125	0.2131250000000001	5.60875	4.89375	0.4171	1.855625	1.950625	0.8071250000000001	0.5549375	0.43525	0.7459375	0.756875	403.3	1732.9375	1.538125	636.3961030678927	125.6775																														
130	11	4.54375	0.23875	0.7881875	122.35	0.6405	2.269375	0.8256250000000001	6.71875	6.03125	0.3023	1.850625	1.986875	0.8393750000000001	0.5046875	0.38425	0.6813125000000001	0.6833750000000001	371.9	1732.0625	1.916875	636.3961030678927	142.7725	0.0155091073595522	11.48282770399494	1245.81218003	149.285650322189	899.999999999	7.873753269161739	899.999367895	149.285650322189	617.128300181	169.687106314308	5.026992220126447	379.999998681	149.285650322189	394.005127895	80.32778103523111	10.88669457056822	107.2655487660861	4.724412922112116	36.54904830348363	36.44207672942695	25.19690685078952	674.763954203	9751.809970759999	10381.5741531	107.2655487660861	10.31289368569199	-53.18781996999996	674.763954203	0.9993678949999776	0.09999868100004505
131	11	4.01875	0.41575	0.5474374999999999	95.75	0.8574999999999999	2.650625	0.7888750000000001	5.39125	4.421250000000001	0.6607000000000001	1.899375	1.620625	0.8311250000000001	0.5939375	0.4982499999999999	0.7506125000000001	0.684875	418.9	1739.0625	1.875625	636.3961030678927	129.1225																														
134	11	6.68875	0.21775	0.3899374999999999	117.65	0.8015	2.445625	0.452875	5.13625	7.39625	0.5753	1.630625	1.546875	0.8141250000000001	0.5815625	0.10525	0.7002875000000001	0.604625	401.9	1596.4375	1.730625	636.3961030678927	135.4925																														
137	11	6.88375	0.3422499999999999	0.3528124999999999	99.55	0.6755	2.468125	0.6908750000000001	4.026249999999999	4.15875	0.4045	1.888125	1.580625	0.8131250000000001	0.5504374999999999	0.54625	0.7412625	0.690875	378.5	1597.3125	1.545625	636.3961030678927	117.1625	0.01318287940005533	10.62213173438084	1054.38322616	137.248590194361	900.000000238	8.836966877677229	899.999999999	137.248590194361	748.745203966	205.543735496328	4.636907683200367	380.000000017	137.248590194361	392.87941633	79.9812540313139	10.039737781547	94.03000341173021	3.46924466219708	32.13246400055984	33.05737327883575	21.02301819262936	684.690967217	9751.81177208	10387.4920131	94.03000341173021	-25.543735496328	-244.61677384	684.690967217	0.9999999990000106	0.1000000170000135
139	11	5.42875	0.20875	0.4349374999999999	123.25	0.7665	2.565625	0.626125	4.59625	5.243749999999999	0.4115	1.569375	1.873125	0.8511250000000001	0.5703125	0.53125	0.6892875000000001	0.594875	364.7	1675.1875	1.614375	636.3961030678927	129.4475	0.01352244038167715	13.35859848150314	1170.29884011	120.034405398044	900.000000002	9.860912623663724	899.999991184	120.034405398044	664.352729338	197.123984096396	5.794625618183646	379.999999809	120.034405398044	390.397470483	86.54494359581349	10.52921280896835	94.08065241664531	3.713459594285489	32.08517978877038	34.90818383534124	19.02410041300798	627.1057525259999	9752.42321017	10332.310252	94.08065241664531	-17.12398409639599	-128.7011598900001	627.1057525259999	0.9999911840000095	0.09999980899999628
143	11	4.42375	0.30025	0.5575625	128.45	0.5195	2.356875	0.704875	4.71625	7.13375	0.6663	1.998125	1.869375	0.8436250000000001	0.5279374999999999	0.30325	0.7398875	0.6068750000000001	389.9	1599.9375	1.599375	636.3961030678927	133.1525																														
144	11	6.72625	0.15775	0.4585624999999999	90.84999999999999	0.7575	2.580625	0.743375	4.49875	3.26625	0.5641	1.806875	1.853125	0.895375	0.5954375	0.10375	0.6727875000000001	0.7606250000000001	365.9	1913.1875	1.714375	636.3961030678927	128.9925																														
151	11	5.18875	0.13825	0.6104375	97.34999999999999	0.8644999999999999	2.441875	0.7206250000000001	5.97625	2.46125	0.2939	1.835625	1.979375	0.8346250000000001	0.6089374999999999	0.36625	0.6650875000000001	0.619625	395.9	1612.1875	1.748125	636.3961030678927	125.2875	0.01542299181962619	10.90137921262835	1270.356308	136.235235407426	900.00000003	7.586932677408831	899.9997867119999	136.235235407426	626.364726583	167.479875550091	4.730877298876528	379.999999893	136.235235407426	390.573475712	82.3676964143517	10.13323301150389	109.5475867718163	5.624379803619231	37.06332458052363	40.50337676678844	22.00810602024599	709.297181866	9751.81034095	10416.6424532	109.5475867718163	12.52012444990899	-28.6436920000001	709.297181866	0.9997867119999455	0.09999989300001744
152	11	5.40625	0.2477499999999999	0.4158124999999999	121.25	0.6655	2.449375	0.857125	6.98125	7.65875	0.7544999999999999	1.965625	1.601875	0.8316250000000001	0.5590624999999999	0.3392499999999999	0.7552875000000001	0.7246250000000001	373.1	1786.3125	1.936875	636.3961030678927	137.4425																														
153	11	5.03125	0.30925	0.3505624999999999	122.25	0.8294999999999999	2.363125	0.808125	6.21625	1.62125	0.5221	1.908125	1.955625	0.8106250000000002	0.5061875	0.6257499999999999	0.7239375000000001	0.5513750000000001	370.9	1655.0625	1.543125	636.3961030678927	141.0825																														
154	11	5.65375	0.54175	0.3843124999999999	104.15	0.6385	2.469375	0.846625	4.45375	6.90625	0.5599000000000001	1.674375	1.603125	0.8688750000000001	0.6333124999999999	0.21025	0.6956125000000001	0.761375	391.7	1734.6875	1.736875	636.3961030678927	126.6525	0.01526197687707456																107.9543423291286	3.732522838040251	38.51199821071297	40.93386059289387	20.43240039228569				107.9543423291286					
155	11	6.11875	0.6437499999999999	0.6756875	115.45	0.6855	2.595625	0.851875	4.078749999999999	2.60125	0.3499	1.953125	1.600625	0.842875	0.5256875	0.29875	0.6670125000000001	0.593375	397.7	1879.9375	1.516875	636.3961030678927	131.0725																														
156	11	4.08625	0.18475	0.5609375	100.25	0.7745	2.261875	0.6103750000000001	6.95125	3.84375	0.4591	1.683125	1.708125	0.8776250000000001	0.6359374999999999	0.57775	0.6890125	0.540875	439.5	1917.5625	1.524375	636.3961030678927	130.0975																														
159	11	6.35125	0.22075	0.6520625	109.45	0.7985	2.294375	0.823875	4.94125	2.37375	0.7657	1.550625	1.914375	0.8118750000000001	0.6374375	0.18775	0.7679375000000001	0.606125	431.5	1875.5625	1.640625	636.3961030678927	126.3275	0.018473508429058																134.6650390028964	6.291502360667888	48.26358669045985	48.9076888758616	26.85319420756012				134.6650390028964					
162	11	6.31375	0.29275	0.4833124999999999	101.35	0.7084999999999999	2.555625	0.300625	4.34125	6.766249999999999	0.4535	1.931875	1.659375	0.8538750000000001	0.5568124999999999	0.5702499999999999	0.6747125	0.687875	433.3	1878.1875	1.741875	636.3961030678927	130.9425	0.01930847115963446	8.747187914948764	1300.00000005	175.150564252943	684.076734802						5.169168300191981	379.999995092	175.150564252943	404.25652299		11.80514771190941	139.9615195384196	4.721113728479224	51.73515111575108	49.08976885811725	30.06266337553114				139.9615195384196		1.000000049999926			0.09999509200002876
165	11	4.15375	0.2747499999999999	0.3674374999999999	122.05	0.5984999999999999	2.440625	0.517625	6.20875	4.64875	0.7293000000000001	1.934375	1.716875	0.8833750000000001	0.5526875	0.6197499999999999	0.6854375	0.7096250000000001	361.1	1721.5625	1.609375	636.3961030678927	134.3875	0.01376270284828444	13.54546953356804	1261.69407962	125.023403922188	900.000000175	9.198611375703855	899.999586321	125.023403922188	611.1822273290001	179.891682606449	5.866561448556457	379.999999806	125.023403922188	389.791235486	91.67487618736708	10.82069793765747	95.23165072130541	4.07347290258038	32.17745349262658	34.48023659378658	20.15278785948052	652.068036214	9751.809720929999	10358.5787638	95.23165072130541	0.1083173935510047	-37.30592038000009	652.068036214	0.999586321000038	0.099999806000028
166	11	6.50125	0.48475	0.3719374999999999	111.15	0.7115	2.373125	0.2673750000000001	4.19125	7.431249999999999	0.5193	1.985625	1.556875	0.8348750000000001	0.5496875	0.6227499999999999	0.6934125000000001	0.6421250000000001	397.5	1581.5625	1.681875	636.3961030678927	126.8475																														
167	11	4.78375	0.36925	0.4968124999999999	99.75	0.6745	2.584375	0.2691250000000001	4.56625	7.76375	0.3807	1.848125	1.875625	0.8406250000000001	0.6490625	0.11725	0.6851625000000001	0.612125	381.7	1698.8125	1.659375	636.3961030678927	118.4625	0.01355548606544026	14.60807061510418	1201.06717226	112.885414222818	900.00000025	10.44979368902124	899.9996637839999	112.885414222818	643.8094783719999	201.237217631366	6.531855907772684	379.99998985	112.885414222818	402.42619806	88.60377019767098	10.67770523301753	95.8623865547235	3.26726706191934	33.56292668325042	37.25807708017766	17.42905670075443	630.0893621070001	9751.812179299999	10333.1490948	95.8623865547235	-21.23721763136601	-97.93282773999999	630.0893621070001	0.9996637839999494	0.09998985000004268
168	11	6.48625	0.52825	0.5395624999999999	119.45	0.6965	2.548125	0.4038750000000001	6.25375	5.27875	0.2855	1.905625	1.881875	0.874125	0.6303124999999999	0.1907499999999999	0.6796625000000001	0.772625	367.5	1805.5625	1.558125	636.3961030678927	120.4775	0.0127794015090534	17.00226045536226	1259.29167446	109.561553672655	900.000000073	11.49760385621187	899.999823363	109.561553672655	608.615748394	209.286400570048	7.41219143611579	379.999999095	109.561553672655	392.357963846	98.54073945230311	11.34867100094343	89.34570249696704	4.527573422511967	29.22174623848691	34.46906923737023	16.78504341705232	801.80816548	9751.80977923	10504.7347191	89.34570249696704	-29.28640057004799	-39.70832554000003	801.80816548	0.9998233630000186	0.09999909500004378
169	11	4.87375	0.3392499999999999	0.4866874999999999	111.95	0.7224999999999999	2.730625	0.3198750000000001	4.16875	6.27625	0.4367	1.940625	1.774375	0.8768750000000001	0.5294375	0.30775	0.6722375	0.686375	405.3	1873.8125	1.870625	636.3961030678927	123.2725	0.01590410713228122																114.6958390106469	3.55137107301483	41.63644456020525	40.36219542812556	24.79409680504003				114.6958390106469					
170	11	4.65625	0.3497499999999999	0.6036874999999999	93.05	0.5864999999999999	2.490625	0.585875	4.46125	7.97375	0.6159	1.969375	1.846875	0.882125	0.6393125	0.52225	0.7231125	0.558875	437.9	1898.3125	1.784375	636.3961030678927	127.6925																														
172	11	6.15625	0.4712499999999999	0.4259374999999999	127.75	0.8624999999999999	2.471875	0.5491250000000001	6.20125	7.44875	0.5207000000000001	1.655625	1.689375	0.8228750000000001	0.5264375	0.30925	0.6678375000000001	0.7741250000000001	361.5	1809.0625	1.768125	636.3961030678927	123.8575	0.01271243643531487	14.38117290085424	1144.46402726	130.032714712936	900.000000279	10.75159633087228	899.999974041	130.032714712936	672.854486035	217.307098842201	6.189464002900198	380.000426616	130.032714712936	387.347933492	90.0271189620822	11.37066987858035	88.52530956750664	4.784008475402466	28.09219559674624	31.22166408807806	20.08158538964066	677.811183296	9751.81192224	10380.1580928	88.52530956750664	-37.30709884220099	-154.53597274	677.811183296	0.9999740409999731	0.1004266160000498
173	11	5.44375	0.41275	0.4079375	103.85	0.6545	2.628125	0.360125	6.71125	6.818750000000001	0.7965	1.518125	1.524375	0.8571250000000001	0.6453125	0.11575	0.7690375	0.597875	409.7	1651.5625	1.521875	636.3961030678927	118.3975																														
175	11	5.90875	0.56725	0.7251875	117.75	0.6244999999999999	2.403125	0.531625	4.49125	4.33375	0.2813	1.634375	1.931875	0.848875	0.6006874999999999	0.44725	0.6604125000000001	0.717125	414.9	1769.6875	1.549375	636.3961030678927	134.5825	0.01819555648944587																129.8689645438798	3.873026119611589	48.1704782968912	47.20171070803614	26.27572860875273				129.8689645438798					
178	11	5.81875	0.42175	0.5958125	126.45	0.5024999999999999	2.710625	0.785375	4.76125	1.84875	0.4857	1.780625	1.668125	0.872125	0.5511874999999999	0.14125	0.7352125	0.618125	362.5	1787.1875	1.765625	636.3961030678927	118.7225																														
179	11	6.96625	0.45475	0.5181874999999999	90.34999999999999	0.7544999999999999	2.268125	0.221875	4.01125	7.01125	0.3709	1.653125	1.866875	0.8466250000000001	0.6321874999999999	0.49075	0.7082625000000001	0.5161249999999999	387.1	1580.6875	1.675625	636.3961030678927	130.2275																														
182	11	6.09625	0.61525	0.7296875	113.65	0.6124999999999999	2.510625	0.4423750000000001	4.07125	2.39125	0.2519	1.978125	1.978125	0.8541250000000001	0.6228125	0.32125	0.7264125000000001	0.717875	394.9	1851.9375	1.585625	636.3961030678927	126.5875	0.01550440026977103	15.0034568949083	1299.99997161	129.908373136234	895.114396574	9.60560093465063	899.99963859	129.908373136234	573.0753748670001	181.553162375401	7.259723170583328	379.999992327	129.908373136234	433.119031877	83.84716267578654	11.64015612963255	110.0401155464633	3.316697851251956	39.90947606436376	41.41431786115183	21.05437396081408	706.878578672	9752.537842559999	10411.3900182	110.0401155464633	-1.553162375401001	0.9999716100001024	706.878578672	0.9996385900000178	0.09999232699999538
184	11	4.04125	0.37375	0.4450624999999999	108.35	0.8804999999999999	2.434375	0.2603750000000001	5.52625	1.11375	0.2561	1.603125	1.526875	0.8143750000000001	0.5635625	0.6857499999999999	0.7338375	0.719375	389.1	1757.4375	1.786875	636.3961030678927	129.1875	0.01536147211869962	12.33244497243742	1236.84809207	143.103543056112	900.000000046	8.488494647605958	899.9995227749999	143.103543056112	619.475310882	178.556147938905	5.416589121812598	379.999997091	143.103543056112	395.293084281	80.51624756486564	11.04618643343585	108.6625458362933	4.62099627718725	37.61212656155691	38.77810817034799	23.30326308815592	740.009368837	9751.80868883	10444.4541422	108.6625458362933	1.443852061094987	-62.15190793000011	740.009368837	0.9995227749999458	0.09999709100003429
185	11	4.63375	0.4067499999999999	0.4686874999999999	114.35	0.7015	2.745625	0.5158750000000001	6.53125	5.57625	0.4997	1.836875	1.613125	0.8626250000000001	0.6449374999999999	0.61525	0.7005625000000001	0.534875	371.5	1748.6875	1.944375	636.3961030678927	121.6475																														
187	11	6.733750000000001	0.29425	0.4776874999999999	101.95	0.5014999999999999	2.306875	0.3986250000000001	5.03125	7.46625	0.6411	1.619375	1.935625	0.8693750000000001	0.5699375	0.47575	0.7211875000000001	0.660125	380.1	1912.3125	1.863125	636.3961030678927	131.2025																														
191	11	4.27375	0.2507499999999999	0.3786875	112.65	0.5714999999999999	2.385625	0.571875	4.79125	7.483750000000001	0.3443000000000001	1.598125	1.655625	0.8548750000000001	0.6239375	0.2687499999999999	0.7638125000000001	0.676625	366.7	1606.0625	1.569375	636.3961030678927	141.2775	0.01492054553719231	12.83992221689617	1188.53564758	114.789532110365	900.000000439	9.325572666028064	899.999997792	114.789532110365	653.6655956119999	187.945496609482	5.927816335339623	379.999913826	114.789532110365	415.503662272	79.65765357689824	10.09473497563929	102.3898636229007	3.100846358562351	36.35158087911478	39.45625356260407	19.13530587489306	658.168699446	9751.809224959999	10360.2310278	102.3898636229007	-7.945496609482007	-110.4643524200001	658.168699446	0.9999977920000447	0.09991382600003362
193	11	4.64875	0.18775	0.6374375	118.45	0.6615	2.704375	0.4056250000000001	6.63625	4.98125	0.2421	1.945625	1.864375	0.8376250000000001	0.5890624999999999	0.33175	0.6807625	0.798875	415.5	1793.3125	1.679375	636.3961030678927	129.8375	0.01760483999421917	10.29724262723177	1299.9999969	146.599476026263	739.339871095						5.541924678382286	379.999997949	146.599476026263	397.909035036		11.27167492921423	125.7971539295943	4.826931533288149	45.44971706051675	46.62221354768671	24.5530021214796				125.7971539295943		0.9999969000000419			0.0999979489999987
194	11	6.68125	0.41875	0.7353124999999999	106.65	0.6795	2.425625	0.550875	6.99625	5.90875	0.7405	1.504375	1.630625	0.8546250000000001	0.6235624999999999	0.55375	0.6821375000000001	0.6923750000000001	375.3	1811.6875	1.850625	636.3961030678927	132.6975																														
197	11	6.17875	0.4652499999999999	0.4630624999999999	111.55	0.5225	2.523125	0.813375	4.108750000000001	3.65125	0.5067	1.748125	1.889375	0.8161250000000001	0.5069374999999999	0.55225	0.7162375000000001	0.651875	410.3	1623.5625	1.915625	636.3961030678927	138.3525	0.01829278906159768	8.783853405634041	1225.92386293	171.471812632713	900.000000068	6.23639705098461	899.99983192	171.471812632713	638.985771633	156.428905535947	3.888396121331506	379.999998014	171.471812632713	398.407890917	67.01678233985652	10.20472936382386	130.3437200545176	3.602384169277668	48.36204811782885	44.46180622424136	29.56007000167977	720.178557178	9751.810864139999	10427.0635417	130.3437200545176	23.571094464053	-73.07613706999996	720.178557178	0.9998319200000196	0.09999801400005026
198	11	4.30375	0.10525	0.7364375	99.15000000000001	0.6665	2.390625	0.538625	6.01375	6.993749999999999	0.6971000000000001	1.721875	1.585625	0.8451250000000001	0.5151874999999999	0.24325	0.6848875000000001	0.7298750000000001	381.9	1661.1875	1.865625	636.3961030678927	118.8525	0.01361436906291706	10.45268129679221	1225.35106486	150.851417287745	900.000000412	7.388810565301784	899.999871596	150.851417287745	636.193654336	171.077674959599	4.584953529132363	380.000000013	150.851417287745	394.775087936	90.00424912804974	10.44121729842069	97.64659406613799	4.668310383632637	32.47551535069041	32.77428160478917	23.37975098072062	700.661969228	9751.810543199999	10410.138585	97.64659406613799	8.922325040401006	-73.64893514000005	700.661969228	0.9998715960000482	0.1000000129999989
199	11	6.62875	0.31075	0.7994375	100.15	0.7785	2.305625	0.3618750000000001	6.26875	5.15625	0.7699	1.679375	1.678125	0.887375	0.5628124999999999	0.63325	0.7324625	0.5393749999999999	420.7	1730.3125	1.829375	636.3961030678927	131.4625																														
202	11	6.95125	0.6317499999999999	0.7398125	90.15000000000001	0.5044999999999999	2.594375	0.4021250000000001	4.14625	5.52375	0.5739	1.534375	1.825625	0.8903750000000001	0.5245624999999999	0.29275	0.7635375000000001	0.7861250000000001	374.1	1631.4375	1.971875	636.3961030678927	127.8875	0.01405702429513987	11.18821263102684	1125.79994834	135.931454793828	900.000000883	8.683292833873203	899.99958951	135.931454793828	698.499735023	191.091113139159	4.878691302065494	379.999999956	135.931454793828	392.450726579	80.08807018489955	10.25422683850692	98.66709011751823	3.772846287999608	33.96591279989666	34.95799659736116	21.62390142250232	673.6119658	9751.81054334	10377.9356764	98.66709011751823	-11.09111313915901	-173.2000516600001	673.6119658	0.9995895099999643	0.09999995600003331
204	11	6.13375	0.23125	0.4990625	119.15	0.5844999999999999	2.419375	0.4318750000000001	4.13875	3.35375	0.4297	1.793125	1.835625	0.8028750000000001	0.5331874999999999	0.49675	0.6832375000000001	0.626375	428.1	1620.9375	1.804375	636.3961030678927	140.3025																														
205	11	4.82125	0.59875	0.4146874999999999	92.84999999999999	0.6995	2.596875	0.3338750000000001	6.19375	4.29875	0.7335	1.579375	1.901875	0.8238750000000001	0.6115625	0.19975	0.7434625000000001	0.549875	433.9	1603.4375	1.980625	636.3961030678927	127.3675																														
211	11	4.74625	0.38125	0.4124375	104.25	0.5145	2.701875	0.7276250000000001	5.07625	7.693750000000001	0.6075	1.993125	1.908125	0.8496250000000001	0.5744374999999999	0.4007499999999999	0.6606875000000001	0.742625	421.9	1918.4375	1.733125	636.3961030678927	124.8325																														
213	11	5.41375	0.49225	0.4270624999999999	102.45	0.8614999999999999	2.328125	0.2306250000000001	6.703749999999999	1.02625	0.3359	1.744375	1.988125	0.8766250000000001	0.5211874999999999	0.16375	0.6991875000000001	0.702875	407.3	1611.3125	1.831875	636.3961030678927	125.8725	0.01640021567965704	8.589184040001378	1243.9141871	172.721912712445	900.000000336	6.119845931140414	899.9996558399999	172.721912712445	641.2554806639999	159.930472396809	3.797988018189462	379.999999986	172.721912712445	397.964370274	75.84742855808668	10.12773329209466	118.2298168973099	6.359529450202939	39.79688546943141	39.37072878166288	28.35062047090172	818.041345217	9751.811859789999	10525.579951	118.2298168973099	20.06952760319101	-55.08581290000006	818.041345217	0.9996558399999458	0.09999998600000026
215	11	5.66875	0.32575	0.4236874999999999	95.15000000000001	0.8875	2.619375	0.3303750000000001	5.21125	5.66375	0.7839	1.604375	1.963125	0.8793750000000001	0.5065624999999999	0.6437499999999999	0.7049625	0.7126250000000001	397.9	1576.3125	1.550625	636.3961030678927	132.8925																														
220	11	4.34875	0.6992499999999999	0.6813125	127.05	0.8544999999999999	2.474375	0.4913750000000001	4.266249999999999	4.91125	0.3583	1.954375	1.530625	0.8491250000000001	0.5605625	0.6992499999999999	0.6887375000000001	0.796625	367.3	1795.9375	1.574375	636.3961030678927	130.0325																														
222	11	4.46875	0.41725	0.5665625	105.05	0.6264999999999999	2.515625	0.479125	5.69875	4.82375	0.7825	1.593125	1.746875	0.8263750000000001	0.5793125	0.12325	0.6755375000000001	0.7951250000000001	369.1	1690.0625	1.505625	636.3961030678927	140.6925																														
227	11	4.108750000000001	0.67825	0.7589374999999999	115.05	0.6134999999999999	2.458125	0.8676250000000001	6.85375	5.068750000000001	0.3429	1.886875	1.516875	0.8423750000000001	0.5658124999999999	0.22375	0.6716875000000001	0.6308750000000001	370.5	1602.5625	1.911875	636.3961030678927	118.5925																														
230	11	5.06125	0.17575	0.6993125	119.55	0.8975	2.266875	0.5613750000000001	5.61625	3.91375	0.3611	1.885625	1.834375	0.8086250000000001	0.5564374999999999	0.41725	0.6975375	0.5543750000000001	371.1	1614.8125	1.941875	636.3961030678927	120.2825	0.01300990832033144	10.91331671791148	1055.41681962	136.529732998326	900.000000797	9.0339673442981	900.000000004	136.529732998326	745.013713725	209.023934954877	4.757196983474836	380.000000002	136.529732998326	392.316781377	81.12407817437352	10.14973216973157	92.16536035235637	4.451124892441809	30.20272184472777	32.1080651970842	21.05240676407209	669.24452835	9751.810685029999	10372.5459435	92.16536035235637	-29.02393495487701	-243.5831803799999	669.24452835	1.000000003999958	0.1000000020000016
232	11	5.56375	0.37975	0.5519375	129.85	0.7164999999999999	2.703125	0.689125	4.52125	1.30625	0.6831	1.723125	1.926875	0.8826250000000001	0.6093124999999999	0.41575	0.7327375	0.636875	420.1	1659.4375	1.816875	636.3961030678927	133.6725																														
235	11	6.04375	0.4697499999999999	0.6329374999999999	102.35	0.8634999999999999	2.708125	0.3023750000000001	5.63875	5.54125	0.2589	1.746875	1.664375	0.8871250000000001	0.6104375	0.15625	0.7283375000000001	0.745625	380.7	1781.0625	1.813125	636.3961030678927	121.5825	0.01383970089390388	15.42205703464197	1289.10709805	117.671444291374	901.068451529	10.38010900289826	899.999795857	117.671444291374	606.48127062	193.716873969642	6.661758763060607	379.999999572	117.671444291374	389.228274776	93.14558948436719	11.19467885748503	97.25571725533314	5.128702624507048	32.10307836712978	37.3212417896808	18.35855736395883	660.630442943	9751.80995522	10365.3474161	97.25571725533314	-13.71687396964199	-9.892901949999896	660.630442943	0.999795856999981	0.09999957200000154
236	11	5.89375	0.4682499999999999	0.5013124999999999	94.65000000000001	0.5805	2.289375	0.2848750000000001	4.06375	2.30375	0.5291	1.910625	1.803125	0.8201250000000001	0.6018125	0.6587499999999999	0.6958875000000001	0.518375	402.7	1791.5625	1.649375	636.3961030678927	120.6725	0.01536956056968481	12.39167599243092	1273.35720254	148.004074761572	900.000000303	8.066579088748648	899.999976563	148.004074761572	585.870804462	171.937318183215	5.5574319808902	379.999950181	148.004074761572	403.632953891	82.84929141380866	11.26067549039577	110.9721510712166	3.514030445909967	39.88120606306285	39.5361207499008	23.68968811077613	705.433615799	9751.8108705	10412.0873532	110.9721510712166	8.062681816784988	-25.64279746000011	705.433615799	0.9999765630000184	0.09995018099999697
237	11	4.77625	0.6107499999999999	0.7893125	121.75	0.8185	2.353125	0.8203750000000001	4.91125	3.87875	0.7027000000000001	1.631875	1.535625	0.8173750000000001	0.5500624999999999	0.54025	0.7055125000000001	0.7103750000000001	408.3	1843.1875	1.738125	636.3961030678927	121.2575																														
244	11	5.37625	0.4952499999999999	0.7735624999999999	128.55	0.6204999999999999	2.314375	0.4213750000000001	4.22125	1.901250000000001	0.7279	1.828125	1.930625	0.8921250000000001	0.5594374999999999	0.3272499999999999	0.7671125000000001	0.757625	429.9	1676.9375	1.993125	636.3961030678927	120.4125																														
245	11	4.37125	0.67225	0.5215624999999999	115.35	0.8895	2.450625	0.314625	5.33125	6.46875	0.3765000000000001	1.686875	1.968125	0.8246250000000001	0.6081875	0.6677500000000001	0.7448375	0.705125	363.3	1853.6875	1.860625	636.3961030678927	122.9475	0.01274501583411813	17.17604149967121	1147.61589257	114.311456024319	900.0000000159999	12.40946415619067	900.00000001	114.311456024319	650.238166983	233.297258229983	7.898748551877477	379.999892634	114.311456024319	413.883123009	90.0442892740751	11.65115556845101	88.74135592347918	3.8908778370409	29.39685939511819	33.48177555459798	17.62727899333102	678.392614769	9751.81116182	10376.5874381	88.74135592347918	-53.29725822998299	-151.3841074300001	678.392614769	1.000000010000008	0.09989263400001391
247	11	6.06625	0.60025	0.6936875	91.65000000000001	0.8494999999999999	2.645625	0.697875	6.26125	7.99125	0.3793	1.958125	1.915625	0.8956250000000001	0.5189374999999999	0.2537499999999999	0.7143125000000001	0.525125	389.3	1577.1875	1.920625	636.3961030678927	128.2775	0.01526895011340446	9.691181120803769	1228.92179709	146.666097759527	900.00000013	7.008298952127031	900.0000825560001	146.666097759527	650.846267261	161.155683177288	4.167453323588633	379.999999996	146.666097759527	387.022793715	80.48502273978495	9.913244235134739	107.6540681526286	6.35428028833936	35.02924219555763	38.15220200257949	23.76086836073452	650.739263284	9751.811800220001	10361.8928692	107.6540681526286	18.84431682271199	-70.07820291000007	650.739263284	1.000082556000052	0.0999999960000082
250	11	4.29625	0.49075	0.7465625	103.55	0.7925	2.430625	0.3111250000000001	6.06625	5.733750000000001	0.3737	1.551875	1.856875	0.8366250000000001	0.6445624999999999	0.6932499999999999	0.6782875	0.515375	368.5	1886.9375	1.555625	636.3961030678927	120.7375																														
252	11	5.64625	0.14725	0.6891875	91.45	0.6345	2.355625	0.5298750000000001	4.96375	2.58375	0.3037	1.795625	1.951875	0.8643750000000001	0.5553125	0.24625	0.7308125000000001	0.550625	382.7	1754.8125	1.894375	636.3961030678927	140.8875																														
253	11	5.98375	0.64825	0.7240625000000001	118.55	0.5394999999999999	2.411875	0.2341250000000001	6.86875	1.46375	0.5865	1.730625	1.781875	0.8523750000000001	0.5020625	0.5972499999999999	0.7071625000000001	0.7306250000000001	396.9	1765.3125	1.785625	636.3961030678927	123.5975	0.015291911135249	10.7409203505047	1276.81422695	165.783571441504	899.999999999	7.216278463035914	899.999914595	165.783571441504	604.6642563939999	166.441873521883	4.693746841119179	379.999999978	165.783571441504	393.297037791	83.49605328315359	11.09568390811891	110.011670056612	4.775385182931752	37.78666213311714	36.46061221844604	26.63805817542736	727.210492679	9751.810338900001	10434.9050998	110.011670056612	13.558126478117	-22.18577305000008	727.210492679	0.9999145949999502	0.09999997800002802
254	11	5.97625	0.27625	0.7926875	98.14999999999999	0.8245	2.276875	0.8063750000000001	5.84875	7.06375	0.2841	1.834375	1.626875	0.8473750000000001	0.5523125	0.6407499999999999	0.7445625000000001	0.5806249999999999	366.3	1870.3125	1.718125	636.3961030678927	124.3125	0.01310021789073039	14.95936832339699	1199.87580534	133.614900353231	900.000000096	10.32682329056822	899.999304781	133.614900353231	621.2923407980001	200.35817155615	6.523582839113012	379.999998452	133.614900353231	392.478106622	91.59204948713274	11.75565023722635	91.5165589739843	5.108518389354784	28.98191618162528	32.24342577984218	20.83192574192794	660.383060363	9751.8107442	10365.5246511	91.5165589739843	-20.35817155615001	-99.12419466000006	660.383060363	0.999304780999978	0.09999845200002255
256	11	5.94625	0.36025	0.7386874999999999	121.85	0.7055	2.448125	0.5561250000000001	4.97125	7.90375	0.3513	1.638125	1.636875	0.8333750000000001	0.5556875	0.20725	0.6914875	0.722375	421.3	1578.0625	1.709375	636.3961030678927	129.3825	0.01803633687108084	8.422174770743393	1290.5935547	170.005668389598	905.6115793819999	5.779090227724887	899.999767386	170.005668389598	621.408504452	152.842544703552	3.62626992683338	379.999999958	170.005668389598	389.922095551	71.55519238328908	9.918743954543967	130.1384680249395	4.401045796557484	47.45450003000659	45.2557632698345	28.67674721403312	733.952381338	9751.810576100001	10441.148264	130.1384680249395	27.15745529644801	-8.406445300000087	733.952381338	0.9997673860000305	0.09999995800001216
257	11	5.24125	0.48625	0.7769374999999999	92.05	0.5275	2.435625	0.4948750000000001	5.73625	5.99625	0.2785	1.989375	1.761875	0.8583750000000001	0.5560624999999999	0.23575	0.7440125000000001	0.552125	400.3	1720.6875	1.981875	636.3961030678927	126.5225																														
262	11	6.90625	0.69025	0.4641874999999999	111.05	0.6905	2.589375	0.5736250000000001	4.65625	3.79125	0.6019	1.685625	1.671875	0.8281250000000001	0.5886874999999999	0.18325	0.6986375000000001	0.507125	430.5	1638.4375	1.846875	636.3961030678927	135.6225																														
265	11	5.86375	0.4592499999999999	0.6408125	94.34999999999999	0.6805	2.424375	0.3706250000000001	4.311249999999999	4.00125	0.3695000000000001	1.983125	1.879375	0.8226250000000001	0.5106875	0.33475	0.7178875000000001	0.678125	403.5	1890.4375	1.720625	636.3961030678927	118.9825	0.01521458284556689	12.11342945151949	1264.25165314	168.576614444603	899.999999991	7.921754289086911	899.999541457	168.576614444603	588.5681580630001	172.560898338159	5.284957518291102	379.999998546	168.576614444603	392.660211169	83.09472996877913	11.88214378363861	110.6908231946437	3.926791493474149	38.98996072714327	36.63825581999988	26.78322318932635	726.360183248	9751.809655020001	10433.5847271	110.6908231946437	7.439101661840994	-34.74834686000008	726.360183248	0.9995414569999639	0.0999985459999948
267	11	5.75875	0.4637499999999999	0.5361874999999999	129.25	0.6575	2.655625	0.7521249999999999	5.59375	6.80125	0.6131	1.856875	1.703125	0.8551250000000001	0.5249374999999999	0.64825	0.7000125	0.665375	390.1	1703.1875	1.530625	636.3961030678927	125.8075																														
268	11	5.87875	0.14875	0.5485625	119.85	0.6465	2.494375	0.652375	5.29375	6.36375	0.4577	1.979375	1.859375	0.8231250000000001	0.6494375	0.19825	0.6730625000000001	0.625625	363.7	1591.1875	1.600625	636.3961030678927	120.8025	0.01255025082459937	13.84592687226213	1112.29318942	104.486571227782	900.000000003	10.93861946721464	899.999993509	104.486571227782	711.02192084	223.423335262149	6.099707307252651	379.999999892	104.486571227782	396.487474417	88.62716809132034	10.0012397456824	87.60758797527129	3.671424442146193	29.38179461166382	34.24077209217326	15.96939467363429	632.74416224	9751.81037223	10333.0632811	87.60758797527129	-43.42333526214901	-186.7068105799999	632.74416224	0.9999935089999781	0.09999989200002801
269	11	4.91125	0.4562499999999999	0.7184375	116.55	0.6044999999999999	2.386875	0.5963750000000001	6.09625	7.37875	0.3863	1.643125	1.970625	0.8061250000000001	0.5133124999999999	0.16225	0.7247625000000001	0.788375	424.9	1780.1875	1.889375	636.3961030678927	118.0725	0.01674218368324317	9.621199945993407	1256.29508339	188.209720156937	900.0000003	6.574902456527059	899.999422704	188.209720156937	615.038898065	167.254585525269	4.198695633237781	379.999999789	188.209720156937	392.760372135	75.0377075749918	11.1891791380758	123.1875016017697	4.082946199925039	44.1009489416652	40.13758142783639	30.51726950937162	755.6584380309999	9751.810629330001	10461.721577	123.1875016017697	12.74541447473101	-42.70491661000005	755.6584380309999	0.9994227040000396	0.09999978900003725
271	11	5.12875	0.19975	0.6464375	125.55	0.7354999999999999	2.316875	0.466875	6.32125	6.62625	0.2729	1.523125	1.911875	0.8016250000000001	0.5654374999999999	0.6347499999999999	0.7657375000000001	0.6803750000000001	374.9	1906.1875	1.673125	636.3961030678927	122.6225	0.01353601816130353	15.28493547808328	1215.29654009	135.83366518005	899.999999988	10.42012195184344	899.999239973	135.83366518005	613.5524595430001	202.004513531912	6.795843558370913	379.999980961	135.83366518005	400.149494332	89.78242534900426	11.98113873300473	95.52334714211941	4.172093679726766	31.97051684883467	33.80523493863556	21.22775668773255	785.881170504	9767.00659006	10504.5888154	95.52334714211941	-22.00451353191201	-83.70345990999999	785.881170504	0.9992399730000443	0.0999809610000284
274	11	5.55625	0.54025	0.5530624999999999	94.45	0.6274999999999999	2.724375	0.874625	6.43375	5.26125	0.4969	1.800625	1.700625	0.8331250000000001	0.5354374999999999	0.14725	0.6733375000000001	0.540125	372.7	1885.1875	1.934375	636.3961030678927	120.8675	0.01318615590326107	15.14572018587487	1300.00000006	128.165051096658	860.306404606	10.00289355504542	899.9990766769999	128.165051096658	568.183835723	181.082488630576	6.874562205898693	379.999999794	128.165051096658	390.488522303	98.58824737075172	11.84914546718324	92.83718211835804	4.772191962995462	30.24784523223408	33.7051723182642	19.75894157818774	613.577588192	9751.80953765	10322.5484512	92.83718211835804	-1.082488630575995	1.000000060000048	613.577588192	0.9990766769999482	0.09999979400004122
277	11	6.99625	0.10975	0.6430625	108.85	0.5054999999999999	2.636875	0.711875	5.22625	1.13125	0.5543	1.538125	1.764375	0.8991250000000001	0.5361874999999999	0.45175	0.6615125000000001	0.602375	374.5	1613.0625	1.698125	636.3961030678927	128.6675	0.01417301961480355	11.25437900370239	1172.23237838	132.105423637901	900.000000053	8.382440729920789	899.999997682	132.105423637901	670.3343342970001	179.546997454055	4.86268165002845	379.999999964	132.105423637901	388.863169069	82.70872476290215	10.13873273091312	99.64020661971379	4.000952750343799	34.34413499926903	35.85545765910499	21.08724215898282	641.630700831	9751.81038965	10348.5803184	99.64020661971379	0.4530025459449973	-126.76762162	641.630700831	0.9999976819999574	0.09999996400000555
282	11	4.43875	0.2567499999999999	0.5969374999999999	104.75	0.7935	2.391875	0.4983750000000001	6.41125	2.89875	0.4815	1.675625	1.775625	0.8686250000000001	0.5121874999999999	0.18925	0.6917625000000001	0.514625	362.3	1647.1875	1.749375	636.3961030678927	130.1625	0.0134187614029682	11.41275198122869	1225.24262017	135.842445391694	900.000000098	8.113283341265388	899.999678969	135.842445391694	639.806684658	174.283000088227	5.004910748197577	379.999996248	135.842445391694	394.683042379	91.30817542511632	10.35322178787303	93.68007906454017	5.480486665064582	29.913064698768	32.35778453420943	21.57297789520596	665.679879039	9751.810750639999	10375.5839097	93.68007906454017	5.716999911773001	-73.75737982999999	665.679879039	0.9996789690000014	0.09999624800002493
283	11	5.96125	0.49375	0.4574374999999999	127.55	0.6715	2.466875	0.598125	6.65875	6.06625	0.4759	1.873125	1.786875	0.8783750000000001	0.5155624999999999	0.6077499999999999	0.6744375000000001	0.5896250000000001	398.7	1725.0625	1.876875	636.3961030678927	119.5675	0.01492778947030618	10.52636045756258	1235.31132622	161.536707173928	900.000000015	7.403869318987003	899.999859999	161.536707173928	633.028140549	170.924436637984	4.568757770870143	379.999999986	161.536707173928	390.627131802	82.75246168746126	10.84269681529439	107.9556929177651	4.825853947590138	36.84645727387847	36.34885628177464	25.5793150642413	683.584486871	9751.810201030001	10392.1120712	107.9556929177651	9.075563362015998	-63.68867378000004	683.584486871	0.999859999000023	0.09999998600000026
284	11	4.40875	0.13375	0.6565624999999999	106.55	0.5904999999999999	2.459375	0.685625	5.45125	3.07375	0.4605	1.749375	1.969375	0.8526250000000001	0.5099374999999999	0.27775	0.6631625000000001	0.633125	414.5	1620.0625	1.868125	636.3961030678927	128.4075	0.01732723804259779	8.53276041546947	1291.18102795	176.779769222846	905.2349022560001	5.754998478126607	899.999111451	176.779769222846	610.543977701	149.692046319214	3.693553085597679	379.999999957	176.779769222846	391.846601055	74.51741730423065	10.18273048618694	125.640457632273	4.227050373655857	45.66350608406722	41.89675108244734	29.496260665218	736.958641514	9751.80952823	10446.4829654	125.640457632273	30.307953680786	-7.818972049999957	736.958641514	0.9991114509999761	0.09999995700002273
286	11	6.41125	0.5762499999999999	0.6273124999999999	113.75	0.5934999999999999	2.699375	0.374125	5.09125	3.03875	0.3569	1.843125	1.545625	0.8293750000000001	0.5425624999999999	0.51475	0.7462125000000001	0.669125	372.9	1777.5625	1.728125	636.3961030678927	128.0175																														
288	11	4.70875	0.42925	0.4551875	91.84999999999999	0.6415	2.283125	0.4353750000000001	4.09375	5.12125	0.5319	1.568125	1.674375	0.8716250000000001	0.5316875	0.48175	0.6901125000000001	0.691625	379.1	1764.4375	1.963125	636.3961030678927	127.0425																														
293	11	6.93625	0.32275	0.4698125	121.05	0.6004999999999999	2.278125	0.2358750000000001	5.87125	1.91875	0.6243000000000001	1.519375	1.816875	0.809625	0.6164375	0.11125	0.6694875000000001	0.6158750000000001	373.5	1688.3125	1.511875	636.3961030678927	128.8625	0.01411879544973148	13.14078504931546	1267.51487295	123.943613950002	900.000000239	8.917259167241207	899.999949928	123.943613950002	610.734687656	180.390423156484	5.747670743371206	379.999999751	123.943613950002	393.652559645	89.77500081100091	10.61170860010678	98.79878252481872	4.488287315256952	33.39746768210642	36.72217904674685	19.84377873250679	675.776423183	9751.81110895	10380.6809361	98.79878252481872	-0.3904231564839904	-31.48512705000007	675.776423183	0.9999499279999782	0.09999975100004121
297	11	4.25125	0.54325	0.6633125	107.05	0.5405	2.478125	0.822125	6.91375	3.00375	0.6803	1.605625	1.815625	0.813625	0.6033124999999999	0.23875	0.6766375000000001	0.714125	360.3	1628.8125	1.715625	636.3961030678927	117.4875																														
301	11	4.078749999999999	0.24925	0.4169375	94.95	0.5814999999999999	2.354375	0.794125	5.81875	3.93125	0.6229	1.981875	1.553125	0.8608750000000001	0.5905625	0.6497499999999999	0.7616125	0.666125	364.5	1669.0625	1.744375	636.3961030678927	121.7775	0.01270726247961483	13.0906732052477	1178.30947572	121.597042690647	900.0000004360001	9.58005842203815	899.99920027	121.597042690647	658.640884913	196.372899972845	5.668023453772128	379.999999948	121.597042690647	389.683634362	92.72724771446727	10.49071477310375	89.20070063550034	3.807040621519639	29.76068132947528	32.58287331774579	18.70389139295154	662.542970994	9751.81176058	10367.5318805	89.20070063550034	-16.372899972845	-120.6905242800001	662.542970994	0.9992002699999603	0.09999994800000422
302	11	6.02875	0.13225	0.6194375	113.85	0.6445	2.376875	0.470375	5.45875	1.93625	0.7881	1.736875	1.983125	0.8838750000000001	0.5489375	0.55825	0.7580375	0.795875	376.7	1736.4375	1.534375	636.3961030678927	123.9225																														
305	11	6.41875	0.51625	0.7623124999999999	114.55	0.5335	2.540625	0.566625	5.36125	1.49875	0.2631	1.776875	1.966875	0.8003750000000001	0.5088124999999999	0.21925	0.7489625000000001	0.672875	429.3	1640.1875	1.866875	636.3961030678927	119.3725	0.01727889428858503	8.232449982842095	1142.42809162	186.72294537475	899.999999997	6.311060968055997	899.999897101	186.72294537475	689.947085384	168.761222745233	3.641606161070996	379.999999802	186.72294537475	398.113022464	66.11696747139216	10.30922403259921	126.8953539343351	3.711881034719172	46.17135102151228	42.12298489470174	30.53399677301746	714.0293012450001	9751.81009187	10420.0735888	126.8953539343351	11.238777254767	-156.57190838	714.0293012450001	0.9998971009999877	0.09999980200001346
307	11	4.20625	0.12175	0.4900625	98.05	0.7845	2.296875	0.8536250000000001	5.55625	4.19375	0.3317	1.830625	1.980625	0.8256250000000001	0.5073124999999999	0.19675	0.7530875	0.6976250000000001	381.5	1823.0625	1.565625	636.3961030678927	119.1125	0.0136155850050439	12.2011032375794	1134.1541023	155.648094536152	900.0000000380001	9.040490123682334	899.999811473	155.648094536152	666.861098806	199.172709933139	5.321496974639389	379.99999994	155.648094536152	392.533952391	83.29822786753945	11.458665389128	97.65482362420403	4.240030441635783	32.73281443756692	32.16937485792336	24.16221844140664	735.5151340370001	9751.8109081	10440.6546272	97.65482362420403	-19.172709933139	-164.8458977	735.5151340370001	0.9998114730000225	0.09999994000003198
311	11	6.94375	0.4097499999999999	0.3921874999999999	102.55	0.6104999999999999	2.748125	0.7066250000000001	6.74125	6.608750000000001	0.5781000000000001	1.665625	1.921875	0.8158750000000001	0.5215624999999999	0.4952499999999999	0.7456625000000001	0.723125	425.3	1915.8125	1.721875	636.3961030678927	122.3625																														
317	11	5.51875	0.30625	0.7476875000000001	106.25	0.7735	2.721875	0.3898750000000001	4.52875	7.53625	0.6453	1.610625	1.836875	0.8591250000000001	0.5369375	0.5747499999999999	0.7209125000000001	0.714875	372.3	1667.3125	1.976875	636.3961030678927	117.8125																														
319	11	4.55125	0.66025	0.5226875	107.45	0.7965	2.319375	0.633125	5.34625	1.88375	0.2925	1.688125	1.884375	0.883125	0.5234375	0.37375	0.7662875000000001	0.520625	418.7	1658.5625	1.773125	636.3961030678927	122.8175	0.01691048470855775	8.631650428242049	1278.28648936	182.099869480852	899.999999993	5.871972745001101	899.999663627	182.099869480852	612.255502513	153.993181496687	3.817677645709776	379.999999952	182.099869480852	398.059433671	75.59135716039577	10.42471814019301	123.9000657736156	4.826538123517429	44.06989785140237	40.73055237271009	29.91365502081659	761.868473032	9751.81052042	10471.4030362	123.9000657736156	26.00681850331301	-20.7135106400001	761.868473032	0.9996636270000181	0.09999995200001877
324	11	6.29125	0.63925	0.5058125	113.15	0.8274999999999999	2.705625	0.8851250000000001	4.00375	1.00875	0.5333	1.660625	1.805625	0.8011250000000001	0.6340625	0.48625	0.6802125000000001	0.564125	390.9	1610.4375	1.561875	636.3961030678927	117.5525	0.01410759852440902	12.50445793032844	1253.85245771	118.512094719936	900.000000003	8.743931483661813	899.999746318	118.512094719936	629.338623007	178.816479081539	5.367262241730439	379.999999975	118.512094719936	386.305111704	88.8778097519985	10.12223357268543	100.7283139348136	4.086347111304656	35.12277243629357	38.7717564594157	18.40037927128807	634.8700537559999	9751.81077416	10341.728823	100.7283139348136	1.183520918460999	-45.14754229000005	634.8700537559999	0.9997463180000068	0.09999997500000291
329	11	4.19125	0.5357499999999999	0.4326874999999999	102.15	0.5954999999999999	2.451875	0.400375	4.30375	7.203749999999999	0.2659	1.973125	1.615625	0.8816250000000001	0.6209374999999999	0.48325	0.7291625	0.517625	384.3	1812.5625	1.818125	636.3961030678927	127.4325	0.01478123948847318	15.02689904164375	1216.34485348	124.927027711893	900.000000024	10.18486726121252	899.999888764	124.927027711893	609.998144656	194.468154284392	8.319660949600751	379.988551046	124.927027711893	498.28609576	82.28977376549101	11.39266875621726	104.1809723695393	2.875011524235577	37.56891847173659	39.29226979406815	20.09551850539082	673.0705906760001	9760.19524476	10384.098608	104.1809723695393	-14.468154284392	-82.65514652000002	673.0705906760001	0.9998887640000476	0.08855104600002051
333	11	6.74125	0.50425	0.6869375	93.95	0.6935	2.333125	0.725875	5.12875	4.31625	0.5039	1.874375	1.586875	0.837875	0.5673125	0.44275	0.6939625	0.572375	438.5	1799.4375	1.756875	636.3961030678927	136.7275																														
337	11	6.38125	0.62725	0.6498125	92.34999999999999	0.7364999999999999	2.274375	0.407375	6.55375	2.70625	0.2743	1.851875	1.538125	0.8798750000000001	0.5148124999999999	0.28525	0.6683875000000001	0.6128750000000001	368.7	1584.1875	1.745625	636.3961030678927	131.6575	0.01405664771423489	9.950746343853115	1221.67706142	144.111056880582	900.000000018	7.183015711573898	900.0003729909999	144.111056880582	649.671282651	166.596588644398	4.414305220987819	379.999999447	144.111056880582	399.253941532	86.91098235198933	9.957241990408567	98.14007213310154	6.269616289874048	30.89817249569141	33.4071659020243	23.21168564930236	736.982136021	9751.81027475	10427.3768358	98.14007213310154	13.403411355602	-77.32293858000003	736.982136021	1.000372990999949	0.09999944700001606
338	11	4.94875	0.5882499999999999	0.4844375	95.65000000000001	0.5525	2.350625	0.717125	6.90625	6.01375	0.7055	1.629375	1.623125	0.8373750000000001	0.5976874999999999	0.2567499999999999	0.7343875000000001	0.752375	360.1	1911.4375	1.656875	636.3961030678927	118.7875																														
340	11	4.23625	0.19225	0.4304374999999999	120.15	0.6915	2.734375	0.664625	4.04875	2.95125	0.4283	1.753125	1.778125	0.8081250000000001	0.5733125	0.55075	0.7154125000000001	0.667625	374.3	1802.9375	1.678125	636.3961030678927	118.0075																														
343	11	4.37875	0.2687499999999999	0.6531874999999999	103.25	0.5535	2.718125	0.342625	4.81375	2.00625	0.4269	1.585625	1.699375	0.8006250000000001	0.5125624999999999	0.20575	0.7063375000000001	0.558125	384.7	1880.8125	1.641875	636.3961030678927	132.3075	0.01537866785840982	14.25643679052443	1289.08457768	142.20361360746	902.6789922839999	9.009145762718855	899.999932675	142.20361360746	570.434726287	169.215369191979	6.2907179516679	379.999940107	142.20361360746	398.311234763	83.82290257833121	11.8216468701371	108.4655159546736	3.427674192615009	38.86390289654172	38.54349247607931	23.27333261246386	641.430426362	9751.811993630001	10350.0574989	108.4655159546736	10.78463080802101	-9.915422320000062	641.430426362	0.9999326749999682	0.09994010700000899
345	11	5.15875	0.3362499999999999	0.7319374999999999	100.05	0.6495	2.573125	0.8273750000000001	5.90875	6.66125	0.3989	1.645625	1.669375	0.8248750000000001	0.5781875	0.58675	0.7640875	0.661625	375.1	1816.0625	1.800625	636.3961030678927	138.9375																														
346	11	6.24625	0.3302499999999999	0.5564374999999999	117.85	0.7635	2.339375	0.206125	5.15875	4.28125	0.4745	1.976875	1.641875	0.8706250000000001	0.5384374999999999	0.25525	0.7046875000000001	0.531875	367.1	1883.4375	1.604375	636.3961030678927	122.2325	0.01293735051541405	14.97441970378185	1265.86402553	135.360584022294	900.0000000479999	9.862093425357108	899.999980929	135.360584022294	592.736430451	189.516395311537	6.516868520667405	379.99999981	135.360584022294	391.680064065	97.84569290457131	11.83814602836478	91.49153813961537	4.500161762045435	29.99699657073369	31.71025904719239	20.93140465074521	642.284576795	9751.810065400001	10350.2719036	91.49153813961537	-9.516395311536996	-33.13597447000006	642.284576795	0.999980929000003	0.09999981000004254
350	11	4.73125	0.1442499999999999	0.4731875	106.85	0.5285	2.633125	0.381125	4.05625	4.578749999999999	0.7251000000000001	1.636875	1.571875	0.8663750000000001	0.5414374999999999	0.5852499999999999	0.6843375	0.756125	385.5	1665.5625	1.969375	636.3961030678927	125.4825	0.01464609371640576	11.38741318704117	1149.15240522	139.199150156926	900.000000036	8.534432679734472	899.99994242	139.199150156926	674.515738202	185.100815282337	5.03179413182779	379.999999335	139.199150156926	397.68599281	78.46135819360364	10.46871589546684	104.2470112145264	2.999894976131514	37.59270126992115	37.10497494742637	22.20214931324995	678.543333161	9751.81004561	10383.404537	104.2470112145264	-5.10081528233701	-149.84759478	678.543333161	0.9999424200000249	0.09999933500000679
351	11	5.08375	0.24025	0.7533125000000001	119.75	0.8534999999999999	2.731875	0.293625	5.48875	4.26375	0.3121	1.529375	1.631875	0.8313750000000001	0.5118125	0.31225	0.7500625000000001	0.7418750000000001	414.7	1629.6875	1.926875	636.3961030678927	117.3575	0.01585144293203134	9.161603154884189	1190.45834043	165.644487513479	900.000000021	6.790518535096121	899.999569757	165.644487513479	667.07393656	167.445718297638	3.924681362557692	379.999999996	165.644487513479	385.54532069	75.10094478682541	10.24322739968846	115.7260472503904	4.763569474029262	40.59860305633118	39.62767599845203	26.38581964444051	715.929710149	9751.81056742	10423.8491362	115.7260472503904	12.554281702362	-108.5416595700001	715.929710149	0.9995697570000175	0.0999999960000082
356	11	5.99875	0.52525	0.5778125	127.85	0.7955	2.284375	0.5036250000000001	4.78375	7.186249999999999	0.2463	1.764375	1.893125	0.8138750000000001	0.5586875	0.39475	0.7346625000000001	0.687125	394.5	1846.6875	1.899375	636.3961030678927	120.0225	0.01467055571582197	12.68694705426	1159.47643613	153.592314951234	900.0000000369999	9.198987927755153	899.999274182	153.592314951234	652.5674852990001	199.307465470792	5.708455943942545	379.999982353	153.592314951234	404.952454502	79.03425463832447	11.60715781317718	105.4625707368219	3.74983407635837	36.81271025255627	36.25913051166773	24.29205469574525	819.3039748039999	9751.811011850001	10521.8161294	105.4625707368219	-19.30746547079201	-139.5235638700001	819.3039748039999	0.9992741820000219	0.09998235300002989
357	11	6.23125	0.39475	0.7724375	124.15	0.5604999999999999	2.455625	0.6733750000000001	5.18875	7.74625	0.6215000000000001	1.693125	1.813125	0.8748750000000001	0.5076875	0.21175	0.7407125000000001	0.549125	367.7	1674.3125	1.769375	636.3961030678927	130.4225	0.01384935864028071	11.52294398843501	1089.94568552	139.011068967499	900.000000208	9.09412685913985	899.999455778	139.011068967499	710.297141367	198.815951334865	5.061603129323877	379.999999711	139.011068967499	395.336714473	78.70008379665359	10.52371308955913	96.64686285103396	3.660189706963661	32.90786172878372	33.50395122486081	22.21913258869359	628.8669353830001	9751.80981696	10333.9258754	96.64686285103396	-18.81595133486499	-209.0543144799999	628.8669353830001	0.9994557779999695	0.09999971100000948
358	11	5.02375	0.13975	0.6183124999999999	124.25	0.5685	2.535625	0.512375	5.00875	5.75125	0.7419	1.591875	1.874375	0.8471250000000001	0.5838125	0.41425	0.7126625000000001	0.678875	396.1	1633.1875	1.581875	636.3961030678927	124.6375	0.01535848208393692	10.90516511294925	1273.63603839	139.75895466386	900.00000011	7.499618659412329	899.999995241	139.75895466386	618.94127456	165.011832468381	4.725158932579171	379.999999924	139.75895466386	389.965946943	82.92720800332646	10.26522627732538	109.9211463145111	3.710527743884978	39.48532573699191	39.87538509016617	22.50167050176426	668.8349487740001	9751.811065100001	10376.5175092	109.9211463145111	14.98816753161901	-25.36396160999993	668.8349487740001	0.9999952409999651	0.09999992400003066
360	11	5.78125	0.39625	0.3629374999999999	122.75	0.7264999999999999	2.410625	0.7136250000000001	5.42875	1.77875	0.5361	1.840625	1.724375	0.8123750000000001	0.6411875	0.36775	0.6997375000000001	0.7006250000000001	361.3	1773.1875	1.783125	636.3961030678927	133.5425	0.01369131954698357	16.29955378055079	1299.99999859	107.010586118863	873.767427014	10.77025759724775	899.999541778	107.010586118863	577.359380246	188.692923283319	7.340649120541489	379.999996705	107.010586118863	393.508937792	94.950672513988	11.14518138280197	94.34718704668349	4.371306106803438	31.63200281828323	36.80155548071919	17.19846362007897	653.017835831	9751.81124141	10356.0957615	94.34718704668349	-8.692923283319004	0.9999985899999047	653.017835831	0.9995417779999798	0.09999670500002367
362	11	5.15125	0.30475	0.4473124999999999	109.25	0.5305	2.508125	0.433625	4.10125	6.71375	0.6775	1.606875	1.910625	0.8153750000000001	0.5305624999999999	0.33775	0.7332875000000001	0.759125	391.5	1608.6875	1.956875	636.3961030678927	139.4575																														
367	11	5.77375	0.30775	0.3933125	99.45	0.8434999999999999	2.518125	0.430125	5.64625	4.52625	0.6929000000000001	1.514375	1.876875	0.892375	0.5538124999999999	0.19375	0.7280625000000001	0.7921250000000001	403.1	1712.8125	1.988125	636.3961030678927	119.9575																														
375	11	5.46625	0.43225	0.5598124999999999	102.65	0.8504999999999999	2.308125	0.8326250000000001	4.42375	1.41125	0.4087	1.615625	1.598125	0.8031250000000001	0.5253125	0.44575	0.6920375000000001	0.588125	379.5	1634.9375	1.528125	636.3961030678927	137.7675	0.01558332826993843	10.31784297880247	1288.30936027	149.118289552497	906.609430556	6.918023594827407	899.999715033	149.118289552497	607.873704297	156.995773424222	4.456531223489538	379.999999917	149.118289552497	391.587005451	82.67228527523599	10.27622571614383	109.2164499085384	4.826904271682909	37.59542912769005	37.55381608427275	24.88498223006765	704.868146811	9751.80968016	10414.1946826	109.2164499085384	23.00422657577801	-10.69063972999993	704.868146811	0.9997150330000295	0.09999991700004784
383	11	4.52875	0.6977499999999999	0.5249374999999999	105.15	0.5245	2.475625	0.3548750000000001	5.016249999999999	2.81125	0.3135	1.991875	1.528125	0.8008750000000001	0.5313125	0.16525	0.7555625	0.640625	369.9	1670.8125	1.735625	636.3961030678927	139.1975	0.01495856659945052	11.82111176205435	1164.4592972	134.938818407202	900.000000566	8.708037305904694	899.999997079	134.938818407202	662.986167291	182.18638469213	5.295495096639944	379.999991964	134.938818407202	403.172365333	77.84564713859511	10.50171421192221	103.34577829111	3.285242479306529	36.36230230889402	36.97055357242143	22.37530813367749	654.360266258	9751.81252293	10359.060328	103.34577829111	-2.186384692129991	-134.5407028	654.360266258	0.9999970789999679	0.09999196400002575
385	11	4.97875	0.39025	0.7083125	117.15	0.5614999999999999	2.498125	0.5088750000000001	5.40625	2.216249999999999	0.2715	1.771875	1.770625	0.8846250000000001	0.5991875	0.6572499999999999	0.7643625000000001	0.528125	368.9	1742.5625	1.764375	636.3961030678927	128.4725	0.01373148058353906	14.64901794877138	1224.11514088	118.442621472449	900.000000051	10.15325991135308	899.9999926420001	118.442621472449	623.791571059	194.067165716044	6.569657287832651	379.999967696	118.442621472449	403.623750074	89.14662431576659	10.95269120347896	95.92809218807074	3.520440257488124	33.20761571674688	36.05169178329566	18.79879047633906	627.534624592	9751.809949410001	10332.134866	95.92809218807074	-14.067165716044	-74.8848591200001	627.534624592	0.999992642000052	0.09996769600002153
388	11	4.47625	0.29575	0.7814375	127.45	0.5545	2.275625	0.4843750000000001	6.93625	6.74875	0.2491	1.563125	1.649375	0.8026250000000001	0.6063124999999999	0.31975	0.6672875	0.7658750000000001	380.3	1632.3125	1.919375	636.3961030678927	117.6825	0.01336763005186526	11.60030235065386	1051.37190575	131.243286917669	900.000000003	9.679726115724792	900.000000034	131.243286917669	750.993658686	223.888593660778	5.334868015557453	379.999999218	131.243286917669	413.901385402	78.65058366148429	10.25972655791615	94.82659587215009	3.493723824838511	32.36626750026726	34.39758534429621	20.22550480204925	688.869143477	9751.80962797	10387.6402932	94.82659587215009	-43.88859366077801	-247.62809425	688.869143477	1.000000033999981	0.0999992180000504
390	11	6.44125	0.68875	0.3696874999999999	114.75	0.7685	2.288125	0.843125	4.20625	4.73625	0.3947	1.860625	1.665625	0.8051250000000001	0.6156874999999999	0.67675	0.7176125000000001	0.563375	387.5	1587.6875	1.664375	636.3961030678927	127.5625	0.01504375725669842	10.79470041578774	1176.78594587	133.431771445185	900	8.005766023216166	899.999925383	133.431771445185	667.474699933	180.584926193501	4.724216708089813	379.999999869	133.431771445185	393.878002493	78.22420461790031	9.979240868045483	106.261959342047	3.871031972731152	37.30901778866144	39.14843934970265	21.58453773242259	693.601676299	9751.81334312	10397.3910966	106.261959342047	-0.5849261935009906	-122.21405413	693.601676299	0.9999253830000043	0.09999986900004387
391	11	6.26875	0.52075	0.3561874999999999	118.05	0.5034999999999999	2.546875	0.8483750000000001	5.62375	6.94125	0.4619	1.919375	1.750625	0.8243750000000001	0.5395624999999999	0.42775	0.6978125000000001	0.527375	413.7	1796.8125	1.985625	636.3961030678927	119.6325	0.01608089075507297	11.23139000972805	1198.31418183	164.252431305584	900.000000415	7.954946516094441	899.999990632	164.252431305584	637.450205325	178.67589307399	5.065700690190929	379.999980915	164.252431305584	405.927549424	74.51789829813829	11.29367380685114	116.5485317352729	3.592022750132069	41.79736742604072	40.36816912584784	26.43431870126164	824.213893433	9751.81097112	10529.1428316	116.5485317352729	1.324106926009989	-100.6858181699999	824.213893433	0.9999906320000491	0.09998091500000328
392	11	4.72375	0.48175	0.6768124999999999	112.85	0.5385	2.379375	0.255125	4.483750000000001	5.87375	0.6495	1.589375	1.796875	0.8778750000000001	0.5241874999999999	0.69025	0.7577625000000001	0.529625	365.5	1585.0625	1.541875	636.3961030678927	117.2925	0.01230650937831516	10.55010008031633	975.1851880519999	136.07426530352	900.0000005110001	9.542425727476015	900.000000002	136.07426530352	814.038074921	230.830023316024	4.650451723076594	380.000000007	136.07426530352	396.717236925	79.24141266006245	9.962741709817797	87.62051257730955	2.919422790973418	29.8505989121956	29.93467810533118	20.56286424825624	643.802275871	9746.285571140001	10341.5502951	87.62051257730955	-50.83002331602401	-323.8148119480001	643.802275871	1.000000001999979	0.1000000070000056
393	11	4.69375	0.20125	0.5238124999999999	107.95	0.6375	2.613125	0.678625	6.34375	3.80875	0.5795	1.980625	1.920625	0.8493750000000001	0.5039374999999999	0.60625	0.7497875000000001	0.670625	361.9	1606.9375	1.743125	636.3961030678927	134.4525	0.01383043785149464	11.29344096439915	1212.4201524	130.650621505612	900.000000001	8.144668026208434	899.9994589189999	130.650621505612	649.067121943	172.215032618242	4.8515776331236	380.000000033	130.650621505612	386.633257621	87.66317924410289	10.10023469504852	95.75848561147998	4.745994121597371	31.65841298310686	33.9496939901283	21.05254187576213	643.57113756	9751.810403760001	10352.4959556	95.75848561147998	7.784967381758008	-86.57984759999999	643.57113756	0.9994589189999488	0.1000000330000148
396	11	4.453749999999999	0.38575	0.7060625	105.85	0.7294999999999999	2.481875	0.353125	4.25125	6.34625	0.4339	1.650625	1.833125	0.8083750000000001	0.5459375	0.37525	0.6942375000000001	0.702125	435.7	1718.9375	1.906875	636.3961030678927	128.9275																														
