 	Design Numbers	obj_o_Wh_Loss	obj_o_Weight_Act
1	0.9119	479.7201367214926	152.414495999402
2	0.9940	479.7201367214926	152.414495999402
3	0.7325	479.72820326758904	152.4136552282
4	0.9791	479.7446056513253	152.39200809155452
5	0.4543	479.76464943688796	152.37540970806003
6	0.5003	479.8243666669047	152.34931930093148
7	0.2865	479.8815540923384	152.241371744018
8	0.4564	479.93441432291314	151.8989301711589
9	0.5996	479.936623569659	151.85078183671655
10	0.8914	479.9625348277413	151.73439780343546
11	0.5570	479.9852690947139	151.71610477939106
12	0.3981	480.05034002097403	151.55578610376136
13	0.9766	480.18560236547535	151.16744623244654
14	0.3364	480.27424850137703	150.99145361210452
15	0.2515	480.3400948816228	150.89837649467452
16	0.8806	480.38341537816126	150.78903117093392
17	0.1602	480.4414156469295	150.61225675484803
18	0.4205	480.5590835004325	150.33486550216315
19	0.7791	480.7320446589078	149.95637046061853
20	0.8514	481.0166802842637	149.28024242942865
21	0.3790	481.1432808494788	149.23019768957414
22	0.4631	481.2441858452642	148.89606985038336
23	0.5584	481.4150483382916	148.4746112128481
24	0.4776	481.5329853183032	148.40046391555654
25	0.8038	481.6378376947754	148.0431983714447
26	0.9556	481.6378376947754	148.0431983714447
27	0.8349	481.6427625778464	148.0391532942147
28	0.8422	481.72913679243203	147.96914979069447
29	0.5630	481.75857998621035	147.9558844030595
30	0.2423	481.80277929034264	147.95576130707218
31	0.5830	481.81419820795645	147.8573106273265
32	0.7637	482.0020062093898	147.8220330966932
33	0.5248	482.02274208463876	147.60480272279392
34	0.2866	482.2968409608425	147.1610561717078
35	0.1942	482.34261931855343	147.10395658756994
36	0.2021	482.3709680175127	147.07138487308828
37	0.6244	482.4848301242294	146.61559839283467
38	0.2522	482.7173669553204	146.52543842099783
39	0.6426	482.89134556250104	146.17074504368367
40	0.3969	483.07128134558627	146.01728541204614
41	0.5429	483.18169581787845	145.7518568722169
42	0.9407	483.3237882998619	145.3274772941515
43	0.8781	483.51279004728934	145.03915068075958
44	0.6858	483.9331915782541	144.541082545954
45	0.8233	484.1444198033113	144.51699908468566
46	0.4319	484.37102404126324	144.3141415361834
47	0.4163	484.4027992655422	144.29098421047914
48	0.9651	484.4385908575778	143.7628187539537
49	0.9853	484.5152570686212	143.74386792104377
50	0.9414	484.5345034486379	143.72037507961073
51	0.9246	484.6761296960993	143.62798878748828
52	0.7891	484.7516193438038	143.3445747592907
53	0.8757	484.7516193438038	143.3445747592907
54	0.9162	484.7516193438038	143.3445747592907
55	0.8941	484.7516193438038	143.3445747592907
56	0.7825	484.7516193438038	143.3445747592907
57	0.8769	484.7516193438038	143.3445747592907
58	0.8590	484.7516193438038	143.3445747592907
59	0.7819	484.75795310845456	143.3445716745182
60	0.8037	484.76067339595795	143.34444078267182
61	0.5867	484.7686609053286	143.34088218652187
62	0.6082	484.7901437485636	143.3402702986357
63	0.4593	484.9579387741901	143.3217252756039
64	0.9216	485.04093124099364	143.02529622978312
65	0.7623	485.24138455304376	142.9923842288221
66	0.9760	485.26506091440064	142.74038797508695
67	0.5995	485.2950843775818	142.65302878650124
68	0.6206	485.4794976757125	142.51103178595827
69	0.7769	485.80605970260865	142.26662111573552
70	0.8981	485.8958877193371	142.03191277709934
71	0.9431	486.0839824846353	142.00625905887838
72	0.6499	486.32942771130377	141.70189820836092
73	0.5737	486.5048823140732	141.20574330251637
74	0.4912	486.7134326722982	141.0488954666327
75	0.1328	487.05561954050563	140.99572028064142
76	0.1583	487.05561954050563	140.99572028064142
77	0.6709	487.09348145694474	140.87341705186134
78	0.5774	487.41022525558645	140.23044346754915
79	0.4931	487.6950981711728	139.9072341508305
80	0.9424	487.8145116155693	139.9015751484524
81	0.9824	488.1475535509151	139.61758243415014
82	0.9636	488.1480508653277	139.61747644218283
83	0.7346	488.18732755449156	139.34644570634813
84	0.6964	488.18732755449156	139.34644570634813
85	0.8824	488.21023280839256	139.34319002689912
86	0.8399	488.3211922438249	139.26914144614892
87	0.4557	488.3867588443725	139.16448218236997
88	0.4448	488.63128062635667	138.91260567132264
89	0.4272	488.63128062635667	138.91260567132264
90	0.4014	488.63128062635667	138.91260567132264
91	0.3992	488.63128062635667	138.91260567132264
92	0.4775	488.72260997208764	138.82368600924022
93	0.6031	488.89652837865196	138.62998108216323
94	0.6878	489.11323262242246	138.4751192704946
95	0.8601	489.52301982903595	138.3888112222673
96	0.7301	489.5731623958433	138.03566956591595
97	0.7061	490.0057699470894	137.69328091068755
98	0.5406	490.19798703938335	137.53817371831667
99	0.9669	490.31881750217065	137.29259736742696
100	0.9617	490.7735697507794	137.1295109360308
101	0.4779	490.8748673276415	136.97564882011264
102	0.1943	491.0958916871782	136.7817845130995
103	0.5247	491.1282334797934	136.50002146901448
104	0.5226	491.39017931872735	136.27350826466864
105	0.5780	491.84119988508485	136.15854590740304
106	0.8167	492.09429868566997	135.69387858928204
107	0.8272	492.2053195781133	135.62745441598463
108	0.8530	492.51844951535264	135.37892847074085
109	0.8513	492.51844951535264	135.37892847074085
110	0.8067	492.55243158351556	135.37889279530808
111	0.6706	492.87279841787114	134.98581327530928
112	0.6779	492.8778710693867	134.98570437179634
113	0.6261	492.94538820916165	134.93291711345665
114	0.5640	492.99485333587114	134.91599042723954
115	0.6399	493.0070903237622	134.9051649411785
116	0.5614	493.28001014873877	134.6936870187797
117	0.7577	493.456993885994	134.66503992643698
118	0.6039	493.5154444615359	134.5952298565009
119	0.5731	493.5508261074832	134.56701371990096
120	0.5507	493.58357571168045	134.53164163188217
121	0.3107	493.90008739831296	134.45667949853254
122	0.6976	493.93317338356366	134.3282290187886
123	0.6796	493.96483213102096	134.0955726113975
124	0.8234	493.9681147926725	134.04802882501744
125	0.9896	494.05166699852504	134.03593698942836
126	0.1990	494.1953511423877	134.02016693402143
127	0.2961	494.32457850811767	133.92181443566352
128	0.2351	494.4708283339569	133.86877091552594
129	0.9612	494.6350818355092	133.4908392764953
130	0.7103	495.0301394205681	133.4597288498204
131	0.7561	495.0658328027556	133.39968279909658
132	0.6827	495.2084063486664	133.35925949009226
133	0.7442	495.2447753259758	133.16695835916164
134	0.7979	495.50589998997384	132.90021815061152
135	0.8598	495.8592912109212	132.70611371356262
136	0.5025	495.85980238299294	132.55582809195266
137	0.8145	496.1279038502404	132.32166156999403
138	0.5987	496.2384037432161	132.3179689972252
139	0.7578	496.30535411455634	132.25243807861685
140	0.6873	496.4971005308611	132.10762060451438
141	0.3006	496.5758978490941	132.08402630243623
142	0.9180	496.6603150860705	131.99768573196317
143	0.8310	496.7514794344838	131.94441949182195
144	0.5352	496.8991963091283	131.91897066026996
145	0.7761	496.9107423360212	131.8981711084799
146	0.7093	496.9927765167027	131.89107449589076
147	0.8142	497.03314783695146	131.88433923063752
148	0.7329	497.1579429048889	131.79882183402856
149	0.6536	497.25286569493727	131.7810257506243
150	0.6277	497.3257832418018	131.70731857588348
151	0.7354	497.35158013563796	131.70482259848853
152	0.1973	497.46308330592063	131.6585886901166
153	0.8809	497.5946795599651	131.5790022940724
154	0.9312	497.6178578115754	131.4360180256362
155	0.9207	497.63723743264995	131.4256486173872
156	0.9290	497.6882232527617	131.39742726129745
157	0.6637	497.73107032658277	131.38078348096064
158	0.1802	497.7565755622709	131.34271891653583
159	0.2995	498.1059624474831	131.23887919193427
160	0.3300	498.2258059204414	131.1896318855015
161	0.4376	498.4303575226929	131.16978783598364
162	0.3551	498.4349436687821	130.82466808838944
163	0.7837	498.6971891359106	130.646574322588
164	0.6854	498.7374831116752	130.64196184417375
165	0.9907	499.11393075568617	130.60026621346495
166	0.7986	499.21231244816914	130.15668474364438
167	0.6710	499.5101417171651	129.98956141899956
168	0.5043	499.5130420769637	129.9384788775026
169	0.3062	499.8206358921729	129.84959112490242
170	0.1743	499.9521232323071	129.7859980146306
171	0.9379	500.03753192391645	129.600247549833
172	0.2879	500.04383909971017	129.5349046430613
173	0.4946	500.2404896431392	129.4535077803614
174	0.2970	500.47374300124557	129.30859597214064
175	0.4880	500.60791437105416	129.18145099308327
176	0.4887	500.62611873935464	129.16247020670184
177	0.2521	500.7851693228207	129.0784599023154
178	0.5089	501.08566717745697	128.88195779183147
179	0.4285	501.2412176343199	128.7589913886097
180	0.4502	501.28553246852846	128.7502068797351
181	0.1851	501.3155946299669	128.6146139338736
182	0.8246	501.520670113395	128.48201430748327
183	0.4553	501.7685141193711	128.3559422810257
184	0.9941	502.10022570306023	128.06964459722883
185	0.8592	502.1401211013437	128.04710866724727
186	0.3502	502.20562528279237	128.0270543441217
187	0.5152	502.2361999330357	128.00446789875835
188	0.7624	502.2628062199002	127.9630062982722
189	0.9838	502.2898973974019	127.94637859279571
190	0.1229	502.4692626519825	127.94307212815097
191	0.4964	502.6051109286216	127.78661358679096
192	0.7659	502.6532466139332	127.78155044664011
193	0.8402	502.6721952098302	127.74542550350778
194	0.9897	502.8638978310056	127.63905752312556
195	0.9107	502.8638978310056	127.63905752312556
196	0.9503	502.8638978310056	127.63905752312556
197	0.9890	502.8731065065675	127.633941165386
198	0.9396	502.95577541537926	127.59559452809259
199	0.4672	503.01534949546846	127.579301952165
200	0.2424	503.0954831556883	127.47070322900971
201	0.4239	503.22152237383176	127.33626747579817
202	0.6065	503.5495069175188	127.13064906480626
203	0.7958	503.79899182169237	127.12972128658319
204	0.2880	503.96470564052424	127.01930041743373
205	0.7812	504.07872636595204	126.99638461615868
206	0.3030	504.1787499037029	126.97095199459203
207	0.2671	504.3234215151637	126.77593723083305
208	0.9710	504.37312895766684	126.61930219709292
209	0.6232	504.6615992636361	126.55383235346909
210	0.6679	504.92101955559644	126.36004812299022
211	0.9729	505.0332395415821	126.286287649319
212	0.9086	505.1082783781313	126.21418483782486
213	0.3821	505.31789566890234	126.09018705006997
214	0.7307	505.4692605347046	125.9833159966587
215	0.9875	505.639513315015	125.82311621512939
216	0.2103	505.77169917598525	125.77344168611884
217	0.3508	505.8797767877786	125.65314958607085
218	0.8300	505.9317248905877	125.62158192614302
219	0.1750	506.07673974482634	125.53741555041813
220	0.2650	506.2852082510028	125.41830084987893
221	0.2996	506.31795418889226	125.37445160388604
222	0.4337	506.3408891757569	125.37174333480894
223	0.1785	506.44967221223516	125.37116375955156
224	0.4026	506.45467365859537	125.36633150652298
225	0.4314	506.55935353947933	125.26244899951197
226	0.1270	506.5967747773794	125.25710109554466
227	0.1970	506.63563116813924	125.25146423089562
228	0.2089	506.68741075980705	125.24506501821142
229	0.4960	506.7527158567524	125.17203854733685
230	0.9753	506.8062305740075	125.10615823057816
231	0.3186	507.2636718513846	124.80909144478532
232	0.8010	507.4772479244841	124.65487545307434
233	0.7990	507.61623998573504	124.59264459130051
234	0.6111	507.92220329256554	124.50844992455599
235	0.5799	507.9495560481107	124.49909335511455
236	0.2736	508.05812228190285	124.4580493575713
237	0.2914	508.05812228190285	124.4580493575713
238	0.7757	508.1103302679128	124.3413573925172
239	0.8937	508.27860162484257	124.1990320722625
240	0.6612	508.3412775296337	124.19746395443175
241	0.9751	508.3458993225174	124.19236158256825
242	0.9812	508.375091681064	124.17704833037533
243	0.9823	508.3773907461171	124.17614248788867
244	0.7023	508.48422933324633	124.09084228801026
245	0.6100	508.7642107218072	124.04066643558264
246	0.6050	508.7642107218072	124.04066643558264
247	0.6168	508.7642107218072	124.04066643558264
248	0.7854	508.85589292881497	123.925402497733
249	0.9382	508.92506652980734	123.8238282103182
250	0.8821	508.936383754104	123.81927563261722
251	0.7762	508.991073192192	123.8080768949606
252	0.8696	509.0342101571163	123.76860448321113
253	0.8350	509.41944411851654	123.74546735939225
254	0.7415	509.52406383863	123.61555064703053
255	0.8607	509.5869948159315	123.4330166684195
256	0.8974	509.82212572265087	123.30309212831841
257	0.5362	510.2982995911772	123.21913957960939
258	0.8756	510.4032216621194	122.99295215480197
259	0.2684	510.8151681787885	122.76885278631103
260	0.848	511.21445541645386	122.66386104353076
261	0.6975	511.48810500888203	122.63431815258001
262	0.6518	511.5633772893165	122.3356461392847
263	0.5414	511.7785650464402	122.3028466988674
264	0.7017	511.9557944260855	122.06916356080161
265	0.3096	511.9736641730759	122.04993979911495
266	0.9969	512.1005010579885	121.95808625279534
267	0.9380	512.3156298696222	121.86275185636822
268	0.7024	512.6938249050663	121.65576974711803
269	0.6130	512.7990293592172	121.60114167244271
270	0.3731	513.0019224584935	121.4856690311757
271	0.8434	513.5121490671585	121.41344006573028
272	0.7030	513.5194979357132	121.33929471282615
273	0.2069	513.5727869951594	121.28457985276425
274	0.9044	513.8458048644889	121.11736081667325
275	0.3896	514.2022688773311	120.80059672798232
276	0.4375	514.2187968465172	120.79878077153776
277	0.3044	514.2643749827419	120.79204693895966
278	0.2701	514.375019222414	120.710629206054
279	0.2127	514.3825210938681	120.70864531900861
280	0.2678	514.3887577165314	120.70367272764358
281	0.2932	514.3887577165314	120.70367272764358
282	0.3949	514.4335541022483	120.68939886094881
283	0.4018	514.4335541022483	120.68939886094881
284	0.4150	514.4335541022483	120.68939886094881
285	0.3311	514.4874674634269	120.68317192250761
286	0.4926	514.5728193231936	120.58780172768725
287	0.5373	514.5960610853593	120.58318184918109
288	0.5084	514.6048943362704	120.5821349644998
289	0.9319	514.9757676231094	120.3677631244272
290	0.9555	514.9757676231094	120.3677631244272
291	0.6809	514.9793797282258	120.3668037679609
292	0.7803	514.9793797282258	120.3668037679609
293	0.5926	514.9946953463148	120.36673196855558
294	0.6888	515.059064790145	120.32383989393625
295	0.6517	515.1353368110816	120.2931153508928
296	0.5201	515.158975531189	120.28137031760284
297	0.9362	515.2616426794132	120.22598356143578
298	0.7088	515.3497431710093	120.18106790854702
299	0.5741	515.5589060718215	120.081758590026
300	0.5892	515.5987453416473	120.06138912738453
301	0.9837	515.6154653509045	120.0426359324682
302	0.7390	515.6522110956157	120.00627098519696
303	0.4286	515.758308155861	119.9924531923884
304	0.7078	516.0029277370807	119.93717605032393
305	0.6276	516.1347559925373	119.75212427499834
306	0.4959	516.4552333610753	119.66088026443042
307	0.8311	516.4839963206018	119.6297875615919
308	0.3104	516.568353251937	119.52698600325596
309	0.7792	516.7987282812156	119.39915964892296
310	0.7571	517.0259445413473	119.3673709147466
311	0.6361	517.1135152250295	119.32830434176452
312	0.7414	517.1613478382939	119.30577331308771
313	0.6576	517.3679342361212	119.27681149501963
314	0.9670	517.4323269240139	119.17771163144778
315	0.8560	517.8721999646622	119.02423281238856
316	0.1885	517.9515933460531	119.00091841796068
317	0.1458	518.1051173401976	118.85643383464154
318	0.7170	518.248354003926	118.73184969668162
319	0.5678	518.39926539604	118.69632811435332
320	0.2916	518.6562924640704	118.60910683304408
321	0.3834	518.6768570454936	118.43986862146733
322	0.3970	519.0834888014085	118.22993959084042
323	0.2833	519.3685279370209	118.09923753278225
324	0.2882	519.4605444884314	118.03705783784484
325	0.6657	519.5977363940341	117.94109720602533
326	0.7413	519.6419438412009	117.94013784955904
327	0.5186	519.9263422817617	117.87592050755484
328	0.6238	519.998721407223	117.78260633069196
329	0.3145	520.1674944208094	117.69481044173345
330	0.6736	520.3896517299239	117.56466094905511
331	0.7336	520.4912804995041	117.51051013192205
332	0.7648	520.606274904075	117.45093221153513
333	0.3172	520.673095911072	117.42759756558166
334	0.6164	520.900948237539	117.42703388739726
335	0.2303	520.9712532497606	117.29713974945618
336	0.3286	521.0469957997091	117.23935089244263
337	0.3979	521.1036976281374	117.1983404786607
338	0.3153	521.2250200178169	117.15200659150622
339	0.2588	521.2608117781085	117.13478254569229
340	0.2716	521.3742823542462	117.10077256205521
341	0.1918	521.4371171080243	117.07069930765668
342	0.1856	521.5017654253303	117.03148468130962
343	0.7638	521.5434363905117	117.01969965349313
344	0.8199	521.6196158740795	116.99240960523215
345	0.9986	521.7442343437216	116.91769202416177
346	0.6826	521.8017351644118	116.90163842336266
347	0.3893	521.8064886044741	116.8594426424261
348	0.4269	522.0618395660191	116.84938710992049
349	0.7660	522.1358848494057	116.73713082547133
350	0.1953	522.1552396651426	116.6983014468583
351	0.4507	522.3762140925886	116.56842027049507
352	0.2070	522.5367084296975	116.55996930424854
353	0.9870	522.576888758435	116.45309961324064
354	0.7804	522.9094357056886	116.33560035621456
355	0.969	523.0768511254504	116.31706819126696
356	0.9494	523.1394423231176	116.28710370720049
357	0.7549	523.3443806483064	116.14826700633724
358	0.2960	523.3881169232574	116.14065828980581
359	0.3617	523.6695792481892	115.96264282885726
360	0.9958	523.6934054471418	115.9506390893107
361	0.2244	523.9067216735307	115.91823621968507
362	0.2815	523.9943825451826	115.86695633689682
363	0.4735	524.1615834956991	115.69389229120735
364	0.4897	524.4139888471124	115.68667950449225
365	0.1410	524.4427107752175	115.60380405214748
366	0.3713	524.5243423397675	115.59156087002657
367	0.2520	524.7319058644792	115.48030552701495
368	0.5242	524.877990795533	115.42417769889863
369	0.8722	524.9960290923739	115.33055325310967
370	0.9692	525.2463847580865	115.24521168622844
371	0.6270	525.4916476985754	115.16471247184158
372	0.2683	525.6516747538794	115.07765455510778
373	0.3342	525.9197040101535	115.02296776134526
374	0.7664	525.980420543443	114.95650570705592
375	0.5207	526.1864711229666	114.78175562227597
376	0.4192	526.2118509429121	114.76261306656586
377	0.6016	526.4184229124282	114.66170415717195
378	0.7357	526.8065635664067	114.46524136516227
379	0.4889	526.8490154777977	114.45697085299895
380	0.8623	527.0078498068353	114.37700929114162
381	0.3589	527.4851313314717	114.34638757441124
382	0.8956	527.4965260998522	114.16932606743644
383	0.7515	527.8620431982212	113.94846955787392
384	0.7691	527.9144134240863	113.89766006735698
385	0.8520	528.0281482502014	113.8717980422648
386	0.8118	528.574721917483	113.59624797826059
387	0.9497	528.6848086940582	113.52378010566542
388	0.9998	528.6848086940582	113.52378010566542
389	0.9949	528.6848086940582	113.52378010566542
390	0.6488	528.915697975629	113.44459062199334
391	0.7708	529.0206389796164	113.40749507286678
392	0.7473	529.0634203386622	113.3896388104755
393	0.5173	529.255946038585	113.31610560294678
394	0.5117	529.3310537180648	113.28711632186325
395	0.4888	529.3310537180648	113.28711632186325
396	0.6341	529.4420915617598	113.21899586085446
397	0.9589	529.4770924125526	113.15977387084422
398	0.6611	529.653705062732	113.13482722286928
399	0.8841	529.9429141207382	113.00446074585889
400	0.9083	530.0092843733914	112.94245131962194
401	0.3046	530.2330550662136	112.92917695455009
402	0.7193	530.2562383926795	112.8582012846943
403	0.7647	530.2880232882528	112.8356702560175
404	0.9189	530.4034833414806	112.76892583390486
405	0.9851	530.4063584753249	112.7336691824535
406	0.6735	530.5590777465974	112.72903797133463
407	0.8892	530.6792899656864	112.6698434827453
408	0.3011	531.0290866496492	112.55002419927736
409	0.9514	531.0709915627912	112.50037492380186
410	0.6237	531.0862292863166	112.47371836133192
411	0.2997	531.1486584786892	112.45511202845707
412	0.5455	531.2798143983593	112.40411589706581
413	0.6380	531.3810395943493	112.31034799745126
414	0.7256	531.4338890028222	112.28804136187573
415	0.4500	531.5910129518602	112.23632898499795
416	0.4453	531.6951494050336	112.19652485782436
417	0.7141	531.7146694613829	112.16352052809503
418	0.1732	531.9665566653883	112.14031042727028
419	0.6531	532.0299813021464	112.0346214627348
420	0.4478	532.1229434321492	111.99479916294912
421	0.3446	532.1968257013259	111.98886136117923
422	0.9005	532.3684590253639	111.85699099072349
423	0.7260	532.4392715092608	111.85597697035006
424	0.4524	532.4573743763123	111.84218786429652
425	0.2967	532.5962032921989	111.79177316078044
426	0.9858	532.6298968238417	111.74421795565853
427	0.6451	532.7845811895829	111.73813854499855
428	0.2567	532.7919546573155	111.70321732239499
429	0.9659	532.8047259826945	111.66188529507211
430	0.9611	533.0254618744691	111.58980550654002
431	0.1697	533.3227928739525	111.54113066605075
432	0.4833	533.386933936123	111.44356400217126
433	0.5739	533.4749498022096	111.41517738730549
434	0.4037	533.577824457299	111.36164011000169
435	0.2779	533.6524920320417	111.32847652770587
436	0.9607	533.8137846158055	111.22613521296755
437	0.9804	533.8236798200244	111.20558485380015
438	0.4460	533.9508076411822	111.19887127276812
439	0.7954	533.9788394523603	111.12695380307312
440	0.7729	534.2892170450117	111.00064669141867
441	0.8653	534.3378511531379	110.97620107481303
442	0.8663	534.3559234920375	110.97526287071618
443	0.8708	534.3692258644513	110.97134744636564
444	0.2366	534.586968480638	110.92376410126306
445	0.9493	534.6562819834838	110.83805395724391
446	0.4941	534.9130192448257	110.74581579693893
447	0.5225	535.1955743057475	110.70324522535756
448	0.4800	535.2145087010704	110.617303841444
449	0.9039	535.2981970036677	110.58805385259708
450	0.4997	535.6292814776943	110.46645426922208
451	0.4907	535.6845159686553	110.45154033331275
452	0.7960	535.698782802057	110.37607407849183
453	0.6932	535.7178874575542	110.37596517497889
454	0.6229	535.7733403390889	110.37238150572298
455	0.6121	535.808472304137	110.36405831714437
456	0.7636	535.9187416601242	110.30964990519442
457	0.7565	535.9318707433225	110.27367834484328
458	0.6058	536.0345913994915	110.24519421611004
459	0.8758	536.0954455312733	110.2351504574235
460	0.9584	536.1594593490294	110.20821009219267
461	0.9889	536.2027974491	110.19013884557354
462	0.2382	536.3438722983932	110.17967207011094
463	0.9869	536.4398143243732	110.08871856431956
464	0.8248	536.4718027138399	110.0414673083429
465	0.8138	536.5327965039424	110.01553384007221
466	0.8197	536.5327965039424	110.01553384007221
467	0.7976	536.5327965039424	110.01553384007221
468	0.8655	536.583524464391	109.98607987044376
469	0.7395	536.620487940738	109.97338316876773
470	0.7745	536.6726849304791	109.95558275877804
471	0.7470	536.6936749916487	109.94548700438855
472	0.7962	536.806654001316	109.89716418473266
473	0.6587	536.8575142211248	109.88590908400163
474	0.5537	536.9759626416914	109.88561204058797
475	0.8304	537.1645666636003	109.7833527529932
476	0.5606	537.3698858056775	109.65931522197096
477	0.7191	537.3803790822158	109.64646714653162
478	0.9894	537.6180457897191	109.58964946520958
479	0.8011	537.7151854577057	109.50795632567119
480	0.8258	537.7553700617714	109.49043053413398
481	0.9024	538.044073479548	109.36254876409986
482	0.5475	538.1123060794511	109.36178787248939
483	0.6401	538.121743245128	109.35844741499093
484	0.7875	538.1217687943586	109.33661529582915
485	0.5632	538.1541036185922	109.33006657723932
486	0.6966	538.2916390181177	109.26304818391634
487	0.8532	538.3600024910221	109.23113797749008
488	0.6874	538.4664730016641	109.19030744775955
489	0.3854	538.9151769132275	109.06457502421563
490	0.8005	539.0173108312309	108.95584833764006
491	0.9732	539.3011404191814	108.9367824762962
492	0.9464	539.3035418024642	108.8270563982863
493	0.5711	539.3671072081438	108.8252044531273
494	0.5058	539.5454452112004	108.7919557307182
495	0.9883	539.5523220434881	108.7278474841842
496	0.8894	539.8898897454131	108.59851721976455
497	0.9956	539.9202171312189	108.56125545955388
498	0.3983	540.4383613946644	108.38159148794894
499	0.5909	540.533953360085	108.3404589664443
500	0.8058	540.6380004406582	108.30290672473521
501	0.5803	540.6502532643768	108.2766033719666
502	0.8563	540.9994615385297	108.12360390940415
503	0.5185	541.1872488667401	108.11999002860968
504	0.6224	541.4158683702166	108.10039829284504
505	0.4140	541.4620650776804	108.01570634393295
506	0.3770	541.9638840421264	107.81701815295634
507	0.4108	542.1271636490973	107.72993097777982
508	0.9195	542.2051463390171	107.63952314843928
509	0.2133	542.4300835621023	107.62365940399552
510	0.8072	542.5768898347551	107.61341441876192
511	0.4225	542.6123410435735	107.52162462593259
512	0.4166	542.6252207905214	107.48085763225251
513	0.4248	542.716524041416	107.47834102511631
514	0.2753	542.8277598541447	107.42939815490844
515	0.3889	542.8324998337935	107.42765095088984
516	0.9602	543.254097532661	107.17230510285671
517	0.4362	543.9505009699446	106.99382135379396
518	0.3777	544.100676567082	106.90961366565261
519	0.5079	544.1621195103897	106.86018202389909
520	0.4523	544.2000113993997	106.85729899806387
521	0.4618	544.2000113993997	106.85729899806387
522	0.4894	544.2012445546211	106.83755295929727
523	0.4266	544.3624548087533	106.78040530284518
524	0.8735	544.520008391148	106.67513557242921
525	0.9948	544.537020026269	106.64972656707616
526	0.5738	544.956236363656	106.50110358076249
527	0.4508	545.1502496223341	106.46315787736245
528	0.2250	545.2983312374677	106.46171370277123
529	0.1879	545.420029087199	106.41594296130305
530	0.4044	545.4665154707311	106.34285484759505
531	0.9728	545.6539007019253	106.26124788653647
532	0.6899	545.68843330299	106.21174929508355
533	0.7016	545.8933667849764	106.12849651415627
534	0.1146	546.1728656173087	106.11118815785352
535	0.2541	546.2002448201772	106.06774709062671
536	0.8096	546.2090247060539	105.99434810472202
537	0.7161	546.269123769419	105.97985785233102
538	0.2429	546.4740561316297	105.93815298881141
539	0.6740	546.5100269988145	105.88729556649685
540	0.9765	546.7818212093973	105.83181807610349
541	0.5910	546.8626284914477	105.75547682842301
542	0.8564	546.9054511266213	105.70733410567982
543	0.5097	547.0829782104602	105.67878363707939
544	0.3283	547.4690010199997	105.59037089136501
545	0.6223	547.528631156463	105.47727841535578
546	0.9524	547.5430550527724	105.44874075875647
547	0.4409	547.7924948003036	105.42040023843245
548	0.2689	548.037154946052	105.35913453656482
549	0.8843	548.2853396798538	105.18056458856145
550	0.7562	548.5800540074803	105.08382460807468
551	0.5898	548.8963824383561	105.07723476918537
552	0.3495	549.030170432725	104.9337892425841
553	0.4690	549.1042468546266	104.91238490527627
554	0.5404	549.4397620344076	104.77956558228
555	0.9279	549.6996250621996	104.64063228087444
556	0.7756	550.0232365947413	104.53823654722589
557	0.8648	550.0401907474213	104.50224569420577
558	0.9499	550.2648215384655	104.4233060669535
559	0.9531	550.4080655112813	104.36562783160905
560	0.7885	550.444496329666	104.35368759575788
561	0.4682	550.4529228193934	104.33594544576641
562	0.9562	550.4867042853103	104.29646608260649
563	0.8501	550.5908356303494	104.28009204245481
564	0.6989	550.7557316748307	104.23794137115034
565	0.7446	550.7928533089571	104.23415315045513
566	0.9011	550.8008282497772	104.17533641231898
567	0.7194	550.9834727366691	104.15046728638424
568	0.8012	551.0549589907635	104.10549295869339
569	0.7159	551.0949883192067	104.08398993326047
570	0.8303	551.118441790917	104.06856063879255
571	0.7199	551.3865657011561	103.97069515196154
572	0.7253	551.4583137023177	103.94990921560546
573	0.8082	551.5627038375535	103.8997324522364
574	0.7155	551.7556714349606	103.85449239801835
575	0.4168	551.9586105665618	103.84836872747815
576	0.4253	551.9586105665618	103.84836872747815
577	0.4236	551.9586105665618	103.84836872747815
578	0.5975	552.1029049005655	103.72569422921396
579	0.9671	552.2975855452529	103.60117349821176
580	0.8294	552.3873383159356	103.57864246953496
581	0.5875	552.8880052151861	103.47532971497468
582	0.7429	552.9532974480654	103.38060778336367
583	0.7916	553.1101859416534	103.31201477495075
584	0.2318	553.467200451379	103.30624203643879
585	0.9964	553.5299315961266	103.13399925768434
586	0.3158	554.076718739541	103.08892931901724
587	0.2777	554.097329454768	103.08778333953938
588	0.7877	554.1086448119983	102.92349020200076
589	0.3619	554.4493457227014	102.91832889651559
590	0.7626	554.6154438179047	102.7956658588539
591	0.8267	554.7735283576226	102.73395865192035
592	0.6180	554.8037993605085	102.70085011259896
593	0.9257	554.8724286590036	102.61612373598666
594	0.8556	555.0417995088442	102.59238529039563
595	0.8034	555.1268500700148	102.5377448195472
596	0.9271	555.5390599844516	102.43220591223064
597	0.4689	555.8754337135082	102.37719985163429
598	0.5566	555.9498132494962	102.26434987685438
599	0.7818	556.0163595000865	102.24586665753057
600	0.8023	556.1021199300242	102.23542316043014
601	0.8977	556.4615014292168	102.10285657742698
602	0.2827	556.541384732546	102.10066409859182
603	0.3094	556.5560883727275	102.08696380792684
604	0.8417	556.5752429152913	102.06478380030697
605	0.5823	556.7282125045733	101.96871588144428
606	0.7993	556.7425940789726	101.94508877891325
607	0.2040	556.8847206868975	101.92852335572238
608	0.3228	556.971494144434	101.9101761088725
609	0.8721	556.9975053302242	101.85011590257048
610	0.7332	557.1217464199893	101.84320340304836
611	0.3898	557.1942172508363	101.83007630424794
612	0.2687	557.3894998874017	101.77553440925344
613	0.8690	557.4116801682551	101.74231633900735
614	0.2453	557.5179301050721	101.73225029369985
615	0.5828	557.6552467910903	101.66886957099183
616	0.7573	557.6952969000355	101.6381645246649
617	0.7964	557.7908674948206	101.56218176632649
618	0.2107	558.0855676787153	101.55962626552054
619	0.6402	558.1009976266384	101.46159922876762
620	0.9648	558.3221096265976	101.41646077205756
621	0.9254	558.3221096265976	101.41646077205756
622	0.8403	558.5213283248916	101.3103952488859
623	0.4772	558.7220858675562	101.3078393440396
624	0.6951	558.7372214098513	101.25842433787702
625	0.8674	558.7413180758108	101.21721303306913
626	0.9300	558.7617363718708	101.2094428092183
627	0.6251	558.9602083490547	101.17193435932646
628	0.5322	558.9807943434557	101.17050349988928
629	0.5930	558.9914844075265	101.13975074841822
630	0.8535	559.0645644168717	101.10453079805757
631	0.9656	559.1296220775212	101.0633977947643
632	0.9825	559.1623129038749	101.0626272983616
633	0.8916	559.213670642456	101.04086676608749
634	0.7930	559.3695848095431	100.9707482194037
635	0.9978	559.4868414219699	100.96676964789836
636	0.9733	559.6078880302921	100.9405048194577
637	0.9205	559.6842510808135	100.86412199315225
638	0.7915	559.7736544091241	100.85782818245677
639	0.9527	559.8969348605442	100.85342921014754
640	0.7924	559.9444656557915	100.82662060489812
641	0.5620	559.986261596757	100.80423439132142
642	0.4135	560.1622712102408	100.7627048006563
643	0.7417	560.1667768708813	100.71680658176464
644	0.9832	560.3702902228497	100.69120292684339
645	0.7230	560.4119318033145	100.66018861586328
646	0.9353	560.4903148072783	100.64875925250041
647	0.3690	560.5476030628473	100.6342144020249
648	0.7554	560.5726787525117	100.56452550702805
649	0.9523	560.6009900851058	100.54023456657345
650	0.8568	560.6220062595205	100.53081722769971
651	0.8379	560.6220062595205	100.53081722769971
652	0.8863	560.6427721935742	100.52304700384889
653	0.9974	560.9120188527987	100.43013889265237
654	0.8983	560.9306334884932	100.41519660197768
655	0.5976	561.0376256180182	100.40735347456493
656	0.9601	561.0907387149	100.35549900837867
657	0.7454	561.2287873920009	100.32296716764377
658	0.8273	561.3186516913217	100.29919636122244
659	0.6374	561.331344120936	100.28286358325505
660	0.8044	561.6027626862075	100.18538372616746
661	0.6239	561.7357658309343	100.15052940268943
662	0.9374	561.8212605928679	100.09203488638997
663	0.8636	562.032484867819	100.0047648407369
664	0.9944	562.1913344512822	99.9551497084052
665	0.9390	562.3757067191236	99.87782614514347
666	0.8664	562.6922010085937	99.76185742769185
667	0.9172	562.7353951676613	99.74809570928969
668	0.8762	562.9711096385331	99.74323184294161
669	0.7972	563.0042724867611	99.68510899681044
670	0.9214	563.0729968739174	99.65174414418071
671	0.9576	563.1471647357932	99.63179711039928
672	0.9398	563.3215716716063	99.61528805621398
673	0.7755	563.5046106464799	99.61368712793607
674	0.2746	563.5581875909273	99.5841742350337
675	0.9208	563.5764293093944	99.55683972244714
676	0.7148	563.5892234410828	99.46288200554241
677	0.9333	563.6707341858317	99.45516968919301
678	0.9338	563.7965633087153	99.40976651393157
679	0.9238	563.887774605696	99.36436314772237
680	0.8964	564.0494574639295	99.34731928732181
681	0.6624	564.0691097183932	99.31036177387111
682	0.6416	564.1901884678396	99.26525655957384
683	0.9776	564.3419283640758	99.21035831315257
684	0.8404	564.4180466409597	99.17004828079726
685	0.6625	564.561341506249	99.16289399232785
686	0.6107	564.7108238258842	99.15089883736044
687	0.8767	564.7428804994768	99.06431329869856
688	0.8577	564.754305712043	99.04242202831257
689	0.2714	565.1429880894517	99.02997933557924
690	0.2672	565.2920096864231	98.96749824215074
691	0.2696	565.3549480539994	98.92749340568798
692	0.2394	565.6362780054181	98.85273462478746
693	0.9774	565.6424626706785	98.81485987074412
694	0.9632	565.6531509866572	98.72061669277832
695	0.9013	565.7066769609852	98.69980255887087
696	0.8820	565.7066769609852	98.69980255887087
697	0.9996	566.1303656586755	98.55614246272708
698	0.7603	566.1865649942022	98.5503989027404
699	0.8481	566.2378746445925	98.53162080835298
700	0.7668	566.4519103908481	98.46285045187616
701	0.8584	566.4576831911343	98.45499118283043
702	0.9440	566.6984871709567	98.36769207370664
703	0.7572	566.9532366758758	98.27988865060146
704	0.7607	566.980368035553	98.2630830855666
705	0.5112	567.3470543166013	98.20445754483598
706	0.8943	567.4468292106657	98.12191823775689
707	0.8260	567.5800755761989	98.07066047251024
708	0.6957	567.7008789740895	98.04728862538852
709	0.9786	567.7192382361907	97.99253229377292
710	0.8719	567.9250063970721	97.94966685421127
711	0.6447	568.1849914168382	97.89034482662638
712	0.9995	568.3454969496644	97.77375197176639
713	0.9520	568.3460870345834	97.77341399360927
714	0.9917	568.3515906566646	97.7709944124161
715	0.8780	568.5358802757139	97.70754464665285
716	0.3190	569.0100849348255	97.6715751890546
717	0.4536	569.029580166425	97.5914924969583
718	0.9543	569.1217212700346	97.55325720821739
719	0.7827	569.2539277391293	97.48487454307454
720	0.6933	569.3113772233551	97.47336021593989
721	0.8631	569.3359983351246	97.46483785257448
722	0.9303	569.3448512187528	97.4283749429744
723	0.9939	569.3448512187528	97.4283749429744
724	0.7209	569.6511719016943	97.36034093537774
725	0.6952	569.7231974139992	97.34182088570367
726	0.2626	569.9804061325533	97.32981632847164
727	0.9598	570.0022563420057	97.22753174467422
728	0.9469	570.0372760613523	97.18356356693396
729	0.8945	570.2626753658077	97.11944514653361
730	0.7801	570.3242796737545	97.11319794433055
731	0.7834	570.4352578698097	97.07514092808591
732	0.9009	570.505287867303	97.06151423002181
733	0.6569	570.7068736543987	97.03698269967
734	0.3413	570.8770280106305	97.0311724083522
735	0.2598	571.0763087291534	96.98127383313752
736	0.5032	571.0896413165585	96.89404498673724
737	0.9796	571.0981215220927	96.83318388725108
738	0.9118	571.2769361689235	96.80245505321776
739	0.2321	571.5857082825702	96.79725856447523
740	0.6668	571.9677422219141	96.64692647850273
741	0.9800	571.9838347808858	96.5324121330635
742	0.7449	572.0570965049873	96.5257670988484
743	0.9789	572.1546633698209	96.4869100941898
744	0.2577	572.6968911798566	96.43115070048319
745	0.5121	572.7065538135397	96.34178716556684
746	0.7528	572.8277109490186	96.2862296163672
747	0.9233	572.8473798619187	96.25182370425563
748	0.7848	573.2180960052968	96.15145974702676
749	0.3249	573.7331057723832	96.14312141791343
750	0.7157	573.827181749062	96.07281060009957
751	0.7257	574.3377085800877	95.82650741440668
752	0.8740	574.5034361548072	95.78455807229376
753	0.5313	575.0018646488652	95.68328001973748
754	0.9021	575.1828520041253	95.54741139899633
755	0.7382	575.6396336000716	95.44544375497378
756	0.7445	575.7500801265786	95.40824544101447
757	0.9566	576.0256909617772	95.31442381839027
758	0.6256	576.3695629547451	95.21145350979
759	0.9370	576.6838439633989	94.99400899402052
760	0.8334	577.0419275948291	94.9925242880253
761	0.9505	577.0669122783149	94.92750497925607
762	0.6265	577.4132207815175	94.83599361520433
763	0.7232	577.6873643294352	94.73537628350314
764	0.8473	577.9418126238614	94.63427432230282
765	0.8635	578.1091204825279	94.60413343762497
766	0.7697	578.1634191057567	94.58826140783455
767	0.8087	578.2704593106239	94.55525069924039
768	0.7288	578.3717137893395	94.52611367353661
769	0.7224	578.3717137893395	94.52611367353661
770	0.7287	578.3717137893395	94.52611367353661
771	0.7888	578.7457349279973	94.3633145390033
772	0.9062	578.8276719706458	94.33675470985926
773	0.9947	579.0610241900804	94.29303412039502
774	0.9990	579.1366197930466	94.26726644281112
775	0.4972	579.4691212236113	94.24336100223042
776	0.8081	579.55680463102	94.16706620542242
777	0.9746	579.6572573482538	94.09469463456692
778	0.7551	580.1395379515085	93.93868282805447
779	0.9918	580.1667765497858	93.92464697336942
780	0.8316	580.2589174465681	93.89646367282164
781	0.9321	580.4572299751476	93.84883738267885
782	0.9782	580.4904110888481	93.81769071605842
783	0.9001	580.6845163840594	93.77675563033704
784	0.8825	580.9670543180571	93.67983559732897
785	0.5280	581.7729440804965	93.62816430033291
786	0.8414	582.0923305147954	93.47548178034675
787	0.7012	582.5522426847386	93.44555819421736
788	0.6916	582.7900229220655	93.29841255216022
789	0.5048	583.2204957345679	93.22117879557443
790	0.9694	583.8795654845285	92.84759508512306
791	0.9899	584.6839773620773	92.69932466134352
792	0.8687	585.5167158591858	92.61767065453147
793	0.6056	585.5991076454272	92.41872173792817
794	0.9402	586.3658896087512	92.15508371192945
795	0.9642	586.7145853055101	92.11694770299495
796	0.4539	586.9444611399542	92.06572991661885
797	0.4811	587.4044081110187	92.04342025733305
798	0.4762	587.4044081110187	92.04342025733305
799	0.8951	587.7209699723419	91.93890681853865
800	0.9436	587.721243478196	91.86040812208407
801	0.9242	588.0786141415667	91.73089127198948
802	0.6769	588.8064893921975	91.6959061016799
803	0.8881	588.9342690660687	91.54057376269381
804	0.8276	588.9422901218339	91.52294611314852
805	0.6816	589.2874008929994	91.44658324939223
806	0.7235	589.2874008929994	91.44658324939223
807	0.7501	589.2874008929994	91.44658324939223
808	0.7400	589.2874008929994	91.44658324939223
809	0.9304	589.6034169059963	91.30408043589458
810	0.9542	589.67004418293	91.2853958207951
811	0.8573	589.7932472596607	91.26915846091623
812	0.8657	589.8210228839611	91.25251101316924
813	0.2647	589.9777981301693	91.15262473072978
814	0.4097	590.6131194463873	90.97637852988782
815	0.9596	591.1148119523713	90.88758196536988
816	0.7175	591.3917817198455	90.86591417228772
817	0.5667	591.516538771436	90.71091579323027
818	0.6859	591.6421380806199	90.68291475316414
819	0.5411	591.7443331495734	90.66757513272329
820	0.6127	592.0089283421091	90.6256074189923
821	0.8413	592.0970786075803	90.52725316795507
822	0.9673	592.5520185897951	90.49614210179271
823	0.8879	592.5928066344622	90.47151179197381
824	0.8936	592.9453728326405	90.2734557831715
825	0.9010	593.1286849483964	90.18463369851337
826	0.7455	593.2214350004015	90.18016135837992
827	0.5102	594.2494892887853	89.92534437633074
828	0.8298	594.2700357844054	89.87029828624382
829	0.7842	594.9733742023012	89.86110348485784
830	0.8739	595.011490362884	89.71873138009555
831	0.7172	595.6312025457853	89.54289794916015
832	0.9736	596.1274489570169	89.36419882160753
833	0.9022	596.262506084897	89.33495815194239
834	0.8992	597.0069245042209	89.11649030175627
835	0.8677	598.0229703112805	88.89248353078469
836	0.2298	598.3084547460071	88.85948005256603
837	0.2732	598.3084547460071	88.85948005256603
838	0.2845	598.3084547460071	88.85948005256603
839	0.6017	598.5822453309135	88.85642327669174
840	0.9795	598.7850584829312	88.65099051079751
841	0.8828	599.1212844420675	88.64232866224218
842	0.7553	599.2472654997835	88.5965795283276
843	0.7949	599.297425797082	88.4968285618703
844	0.6259	599.6950211947823	88.48959854410523
845	0.7878	599.7012141481088	88.4696342591611
846	0.7933	600.0372814301148	88.3866983576389
847	0.7799	600.1456778028714	88.35247321435261
848	0.7939	600.2673035804833	88.31591508126706
849	0.8732	600.3007150208147	88.25199814335222
850	0.9221	600.5272962750674	88.18938665832627
851	0.8918	600.5977597894607	88.17515826196315
852	0.8891	600.8158936703845	88.11902075730173
853	0.8353	601.1048709289647	88.09615939099076
854	0.8776	601.2022535922011	88.024846901381
855	0.8697	601.3800176232967	87.9303468859227
856	0.4616	601.95996615317	87.84974894242772
857	0.9122	602.2303210479915	87.73183051336665
858	0.4055	602.6249959242452	87.6862956015107
859	0.8441	603.9484930247745	87.62831437179912
860	0.8733	604.0056646635367	87.39316928973193
861	0.4845	604.2489141899969	87.36251830943282
862	0.8238	604.303954483915	87.35749976834815
863	0.4784	604.6299555055108	87.26368737372222
864	0.4819	604.969332014281	87.18389866642907
865	0.1740	605.3173955487036	87.02743912805907
866	0.7258	605.5212824155243	86.91932895314915
867	0.9616	605.8243844854463	86.80194683076624
868	0.8991	607.150602834656	86.66445878567232
869	0.7715	607.2670890910822	86.51544332430768
870	0.6483	607.917606954457	86.36642222107247
871	0.6450	608.6719102413164	86.35030936794126
872	0.8880	608.7591750052063	86.06448865331403
873	0.7592	608.856308163599	86.0634380089374
874	0.8997	609.3614956636529	85.9926889273685
875	0.7206	609.5062948511405	85.95418917792703
876	0.7984	609.8995193250797	85.781302672366
877	0.7004	610.1234630746922	85.75355863596613
878	0.8642	610.6273720771011	85.67213625766618
879	0.7784	610.7420375679786	85.63991535667736
880	0.8354	610.8091298077475	85.5507411380985
881	0.7425	611.599848226859	85.3822949853551
882	0.9153	611.6467539190528	85.32951678822448
883	0.9991	611.6796928544088	85.31863614839212
884	0.9385	611.9947451775195	85.22256053091348
885	0.9927	611.9947451775195	85.22256053091348
886	0.9209	611.9947451775195	85.22256053091348
887	0.9148	611.9947451775195	85.22256053091348
888	0.9417	611.9947451775195	85.22256053091348
889	0.9997	611.9947451775195	85.22256053091348
890	0.7992	612.2228079451145	85.21659948136178
891	0.9868	612.3110110936556	85.14350955357436
892	0.6172	612.6399967846812	85.12628905992119
893	0.2605	612.7947411833168	85.12495903098865
894	0.4257	612.9388509831209	85.08915908253707
895	0.5595	613.2826017445219	85.0335498061393
896	0.4397	613.4223786363647	84.93284257788753
897	0.8001	613.4524409939884	84.89788466240996
898	0.9036	614.2874826315401	84.63523641312015
899	0.8658	614.7803473126783	84.5895050718084
900	0.5272	615.1901789849269	84.58790345574383
901	0.5378	615.9342700904292	84.4161363128135
902	0.1631	616.4703043884022	84.3769396794932
903	0.1569	616.759194993804	84.294987893764
904	0.7903	616.8347428014185	84.22163209981368
905	0.5668	617.4755987833631	84.0355512753157
906	0.8297	617.8948804152387	83.870127267432
907	0.8398	618.6549774491175	83.61720614602126
908	0.7441	619.3080369291382	83.48689450330917
909	0.9931	619.3381334955088	83.44019478241422
910	0.1822	621.1369199970634	83.24785507989222
911	0.1945	622.3087078582566	83.22894973012727
912	0.9108	622.6412558148515	83.04204729875114
913	0.8939	622.8412082962938	82.98470650504149
914	0.2067	622.8639045961396	82.93342404128344
915	0.4361	623.0181200469219	82.86586570749122
916	0.1360	623.498417277357	82.80980837356412
917	0.9973	623.6279361739992	82.7985293501864
918	0.6718	623.7076152465044	82.79166083892511
919	0.6857	623.7076152465044	82.79166083892511
920	0.6894	623.7076152465044	82.79166083892511
921	0.1712	623.7925487566832	82.5697538320132
922	0.4086	624.5141590249973	82.4883791689459
923	0.6592	625.1855531810525	82.36133841281666
924	0.6462	625.1855531810525	82.36133841281666
925	0.5797	625.244090534975	82.13403312065601
926	0.8827	625.4735336492207	81.99099287741461
927	0.3788	626.2545159628363	81.8798887733659
928	0.6767	626.2831027606346	81.76293299057187
929	0.8025	626.2997329727281	81.74470069421179
930	0.9225	626.6416750701652	81.67285704663651
931	0.6739	627.1279005459297	81.56713864156083
932	0.3823	628.150489343208	81.37482135310587
933	0.6904	628.6130862137215	81.20617303602239
934	0.7158	629.3150232210228	81.14017394681682
935	0.9035	629.6997870462103	80.992111158233
936	0.9135	629.7261807812897	80.98199478616924
937	0.4510	629.898510471658	80.97666930784553
938	0.7289	630.0469569064726	80.93188313644016
939	0.9282	630.0571169822442	80.89697889347238
940	0.6728	630.1199114165072	80.85457748589735
941	0.8856	630.3159482228325	80.8004055592307
942	0.6646	630.6196188713608	80.7406859624184
943	0.9306	630.7236801209747	80.68707176039972
944	0.9133	631.1770078617703	80.66656690477652
945	0.1673	631.5652467885984	80.62145412525742
946	0.1733	631.5652467885984	80.62145412525742
947	0.2180	631.5652467885984	80.62145412525742
948	0.2054	631.5652467885984	80.62145412525742
949	0.2122	631.5652467885984	80.62145412525742
950	0.9693	631.5878187991358	80.48332155083872
951	0.3780	632.2431898512323	80.44121749692198
952	0.7552	632.4432921512841	80.44045790309214
953	0.9187	632.4561754174291	80.40729908187987
954	0.2855	632.6274331736645	80.35631484113507
955	0.9590	632.8286367632813	80.20123800671709
956	0.9803	633.1282410253382	80.12254636184544
957	0.6144	633.5674885965055	80.11864632468652
958	0.8698	633.5865611087886	80.09783843365044
959	0.6074	634.2513040994963	79.92744003136862
960	0.9712	634.3134476521261	79.85302705760999